,bioma,riscofogo,precipitacao
2016-01-01,Amazonia,102.0,2.3224852071005917
2016-01-02,Amazonia,296.0,1.5999999999999979
2016-01-03,Amazonia,292.0,1.4071661237785054
2016-01-04,Amazonia,699.0,1.56061120543293
2016-01-05,Amazonia,1023.0,1.1859028511087648
2016-01-06,Amazonia,711.0,0.7258706467661711
2016-01-07,Amazonia,772.0,1.1253706754530468
2016-01-08,Amazonia,503.0,1.0662227602905565
2016-01-09,Amazonia,2015.0,0.6417416452442155
2016-01-10,Amazonia,1550.0,0.8297863599013969
2016-01-11,Amazonia,925.0,0.5695087521174482
2016-01-12,Amazonia,1186.0,0.5087728194726191
2016-01-13,Amazonia,699.0,1.5786206896551673
2016-01-14,Amazonia,893.0,0.8469270166453243
2016-01-15,Amazonia,975.0,0.650972053462942
2016-01-16,Amazonia,814.0,0.9399055489964584
2016-01-17,Amazonia,1068.0,0.36901763224181566
2016-01-18,Amazonia,2063.0,0.24843170320404834
2016-01-19,Amazonia,897.0,0.9091997008227342
2016-01-20,Amazonia,466.0,2.0477115117891813
2016-01-21,Amazonia,1668.0,0.12189995796553132
2016-01-22,Amazonia,1534.0,0.2304461942257222
2016-01-23,Amazonia,2643.0,0.1587562334995604
2016-01-24,Amazonia,2630.0,0.09028268551236764
2016-01-25,Amazonia,2871.0,0.7279164775306302
2016-01-26,Amazonia,2134.0,1.2251482799525504
2016-01-27,Amazonia,1263.0,0.1414685314685314
2016-01-28,Amazonia,2664.0,0.12102888086642635
2016-01-29,Amazonia,1044.0,0.5596456692913385
2016-01-30,Amazonia,3391.0,0.08461538461538468
2016-01-31,Amazonia,1791.0,0.7125680356259281
2016-02-01,Amazonia,679.0,1.0516415261756913
2016-02-02,Amazonia,47.0,4.0906474820143846
2016-02-03,Amazonia,55.0,1.9305555555555547
2016-02-04,Amazonia,420.0,1.640031397174255
2016-02-05,Amazonia,117.0,4.242372881355929
2016-02-06,Amazonia,151.0,2.153883495145631
2016-02-07,Amazonia,118.0,1.3983364140480612
2016-02-08,Amazonia,208.0,0.9987623762376259
2016-02-09,Amazonia,561.0,0.9458382180539282
2016-02-10,Amazonia,75.0,2.622977022977017
2016-02-11,Amazonia,99.0,1.3749636098981088
2016-02-12,Amazonia,57.0,1.6167962674961125
2016-02-13,Amazonia,139.0,0.9807283763277712
2016-02-14,Amazonia,422.0,0.7161616161616184
2016-02-15,Amazonia,702.0,0.6006666666666685
2016-02-16,Amazonia,565.0,0.2383545770567781
2016-02-17,Amazonia,1047.0,0.340241691842901
2016-02-18,Amazonia,1294.0,0.3900232018561491
2016-02-19,Amazonia,741.0,1.3935103244837783
2016-02-20,Amazonia,429.0,2.061118690313778
2016-02-21,Amazonia,485.0,0.5426065162907293
2016-02-22,Amazonia,286.0,1.5801457194899815
2016-02-23,Amazonia,91.0,5.096774193548386
2016-02-24,Amazonia,51.0,3.013017751479292
2016-02-25,Amazonia,18.0,5.293571428571432
2016-02-26,Amazonia,49.0,3.3499999999999996
2016-02-27,Amazonia,289.0,1.0879795396419454
2016-02-28,Amazonia,214.0,1.6128205128205142
2016-02-29,Amazonia,115.0,3.0519637462235676
2016-03-01,Amazonia,228.0,1.1996666666666675
2016-03-02,Amazonia,194.0,7.950836120401337
2016-03-03,Amazonia,715.0,3.8672028596961545
2016-03-04,Amazonia,1921.0,0.09793388429752044
2016-03-05,Amazonia,1873.0,0.3876993166287028
2016-03-06,Amazonia,1332.0,0.7991469816272921
2016-03-07,Amazonia,1057.0,0.5799476896251102
2016-03-08,Amazonia,595.0,1.743963254593176
2016-03-09,Amazonia,291.0,2.9686131386861305
2016-03-10,Amazonia,80.0,2.934210526315789
2016-03-11,Amazonia,376.0,0.5572104018912527
2016-03-12,Amazonia,143.0,8.538526912181293
2016-03-13,Amazonia,0.0,4.844117647058825
2016-03-14,Amazonia,78.0,3.242207792207791
2016-03-15,Amazonia,51.0,3.2310924369747904
2016-03-16,Amazonia,120.0,0.7028880866425988
2016-03-17,Amazonia,704.0,0.281844946025515
2016-03-18,Amazonia,548.0,1.0392761394101895
2016-03-19,Amazonia,355.0,1.1897703549060568
2016-03-20,Amazonia,447.0,1.1539886039886038
2016-03-21,Amazonia,1075.0,0.42870229007633764
2016-03-22,Amazonia,3116.0,0.19430051813471536
2016-03-23,Amazonia,2694.0,0.09108196721311466
2016-03-24,Amazonia,2255.0,0.2190926275992456
2016-03-25,Amazonia,1747.0,0.31381453154875816
2016-03-26,Amazonia,680.0,0.3658932714617185
2016-03-27,Amazonia,214.0,1.68157894736842
2016-03-28,Amazonia,41.0,11.893452380952382
2016-03-29,Amazonia,2.0,12.183333333333335
2016-03-30,Amazonia,56.0,1.9155339805825249
2016-03-31,Amazonia,31.0,1.701694915254239
2016-04-01,Amazonia,3.0,4.707317073170734
2016-04-02,Amazonia,4.0,1.873023255813955
2016-04-03,Amazonia,25.0,1.387349397590361
2016-04-04,Amazonia,18.0,5.389719626168221
2016-04-05,Amazonia,24.0,3.8943478260869573
2016-04-06,Amazonia,13.0,3.1862500000000002
2016-04-07,Amazonia,35.0,1.2586872586872584
2016-04-08,Amazonia,103.0,0.562971698113207
2016-04-09,Amazonia,119.0,0.6688046647230325
2016-04-10,Amazonia,66.0,0.9274151436031343
2016-04-11,Amazonia,59.0,1.3035460992907795
2016-04-12,Amazonia,12.0,1.8686746987951803
2016-04-13,Amazonia,2.0,1.5926605504587146
2016-04-14,Amazonia,0.0,7.9340425531914915
2016-04-15,Amazonia,28.0,2.1594936708860786
2016-04-16,Amazonia,32.0,0.2269662921348318
2016-04-17,Amazonia,28.0,0.8566666666666662
2016-04-18,Amazonia,66.0,0.09279778393351802
2016-04-19,Amazonia,75.0,0.9873134328358205
2016-04-20,Amazonia,88.0,0.32429022082018927
2016-04-21,Amazonia,98.0,0.4906249999999997
2016-04-22,Amazonia,51.0,0.8232323232323234
2016-04-23,Amazonia,76.0,1.3148788927335646
2016-04-24,Amazonia,66.0,1.1991031390134523
2016-04-25,Amazonia,74.0,0.6203804347826086
2016-04-26,Amazonia,68.0,0.5768939393939382
2016-04-27,Amazonia,28.0,1.7238095238095235
2016-04-28,Amazonia,25.0,0.3949367088607597
2016-04-29,Amazonia,67.0,0.057089552238805956
2016-04-30,Amazonia,102.0,0.09115479115479119
2016-05-01,Amazonia,94.0,0.08437499999999999
2016-05-02,Amazonia,139.0,0.17849740932642486
2016-05-03,Amazonia,73.0,0.5668122270742357
2016-05-04,Amazonia,78.0,0.6624203821656045
2016-05-05,Amazonia,114.0,0.7148989898989895
2016-05-06,Amazonia,68.0,0.8715254237288127
2016-05-07,Amazonia,70.0,3.8933333333333313
2016-05-08,Amazonia,42.0,0.1568181818181818
2016-05-09,Amazonia,84.0,0.45592105263157867
2016-05-10,Amazonia,116.0,0.4599337748344371
2016-05-11,Amazonia,117.0,0.30897832817337445
2016-05-12,Amazonia,128.0,0.8046099290780137
2016-05-13,Amazonia,61.0,0.9926108374384234
2016-05-14,Amazonia,115.0,0.15623268698060952
2016-05-15,Amazonia,73.0,0.34218181818181825
2016-05-16,Amazonia,108.0,0.3313653136531362
2016-05-17,Amazonia,108.0,0.2532846715328467
2016-05-18,Amazonia,93.0,0.30468085106382964
2016-05-19,Amazonia,58.0,0.3437125748502996
2016-05-20,Amazonia,159.0,0.4295652173913043
2016-05-21,Amazonia,73.0,0.5357487922705314
2016-05-22,Amazonia,35.0,0.4239263803680983
2016-05-23,Amazonia,110.0,0.2603448275862068
2016-05-24,Amazonia,146.0,0.12477064220183487
2016-05-25,Amazonia,191.0,0.2912114014251781
2016-05-26,Amazonia,120.0,1.0728937728937735
2016-05-27,Amazonia,177.0,0.9606435643564362
2016-05-28,Amazonia,108.0,0.24077669902912618
2016-05-29,Amazonia,145.0,0.2038147138964577
2016-05-30,Amazonia,148.0,0.7619047619047614
2016-05-31,Amazonia,148.0,0.7666666666666665
2016-06-01,Amazonia,191.0,0.18971291866028703
2016-06-02,Amazonia,160.0,0.33430079155672804
2016-06-03,Amazonia,178.0,0.4716883116883116
2016-06-04,Amazonia,186.0,0.6350220264317178
2016-06-05,Amazonia,217.0,0.5369072164948451
2016-06-06,Amazonia,101.0,0.6045901639344258
2016-06-07,Amazonia,159.0,0.7475374732334049
2016-06-08,Amazonia,102.0,0.9362416107382551
2016-06-09,Amazonia,79.0,0.613746630727763
2016-06-10,Amazonia,145.0,0.4646956521739131
2016-06-11,Amazonia,168.0,0.2654266958424506
2016-06-12,Amazonia,153.0,0.7372307692307689
2016-06-13,Amazonia,83.0,0.2540983606557379
2016-06-14,Amazonia,281.0,0.13638644918444162
2016-06-15,Amazonia,256.0,0.10329920364050067
2016-06-16,Amazonia,302.0,0.33455657492354796
2016-06-17,Amazonia,311.0,0.4443717277486911
2016-06-18,Amazonia,298.0,0.34542586750788623
2016-06-19,Amazonia,213.0,0.21604651162790675
2016-06-20,Amazonia,231.0,0.24356659142212178
2016-06-21,Amazonia,385.0,0.06286982248520716
2016-06-22,Amazonia,377.0,0.1728943338437979
2016-06-23,Amazonia,377.0,0.09294781382228495
2016-06-24,Amazonia,376.0,0.2304860088365241
2016-06-25,Amazonia,509.0,0.19178403755868526
2016-06-26,Amazonia,484.0,0.3146428571428572
2016-06-27,Amazonia,387.0,0.0984962406015038
2016-06-28,Amazonia,440.0,0.1233825198637911
2016-06-29,Amazonia,469.0,0.1400544959128064
2016-06-30,Amazonia,699.0,0.06340454858718131
2016-07-01,Amazonia,630.0,0.18621575342465757
2016-07-02,Amazonia,622.0,0.2428459734167321
2016-07-03,Amazonia,455.0,0.273974082073434
2016-07-04,Amazonia,509.0,0.2251548946716231
2016-07-05,Amazonia,610.0,0.20881742738589174
2016-07-06,Amazonia,391.0,0.19984939759036155
2016-07-07,Amazonia,565.0,0.11088607594936706
2016-07-08,Amazonia,723.0,0.5572139303482592
2016-07-09,Amazonia,1019.0,0.3316823899371066
2016-07-10,Amazonia,761.0,0.7273694390715678
2016-07-11,Amazonia,705.0,0.2136898395721922
2016-07-12,Amazonia,1020.0,0.17629407351837945
2016-07-13,Amazonia,1137.0,0.1842659644502963
2016-07-14,Amazonia,1312.0,0.07614457831325298
2016-07-15,Amazonia,1165.0,0.06324387397899647
2016-07-16,Amazonia,897.0,0.3485436893203892
2016-07-17,Amazonia,719.0,0.0748159057437408
2016-07-18,Amazonia,617.0,1.0018608414239474
2016-07-19,Amazonia,883.0,0.37316546762589947
2016-07-20,Amazonia,872.0,0.3067642956764295
2016-07-21,Amazonia,951.0,0.27256392536281976
2016-07-22,Amazonia,1207.0,0.12950910093767223
2016-07-23,Amazonia,1632.0,0.06332391713747643
2016-07-24,Amazonia,1780.0,0.021138211382113834
2016-07-25,Amazonia,1867.0,0.07287020109689205
2016-07-26,Amazonia,1510.0,0.20461676378305715
2016-07-27,Amazonia,2216.0,0.13388186893917126
2016-07-28,Amazonia,2857.0,0.07570290534208064
2016-07-29,Amazonia,2564.0,0.21745664739884413
2016-07-30,Amazonia,3729.0,0.08553639846743323
2016-07-31,Amazonia,4669.0,0.03485376572207903
2016-08-01,Amazonia,3853.0,0.08109946681375269
2016-08-02,Amazonia,4770.0,0.049733727810650996
2016-08-03,Amazonia,5250.0,0.09233347908468198
2016-08-04,Amazonia,4355.0,0.08338791848617207
2016-08-05,Amazonia,5317.0,0.061325529895602686
2016-08-06,Amazonia,5936.0,0.02912540103222199
2016-08-07,Amazonia,4606.0,1.2381351751356757
2016-08-08,Amazonia,4814.0,0.5967907573812553
2016-08-09,Amazonia,5184.0,1.434666469893747
2016-08-10,Amazonia,4017.0,1.4365557729941287
2016-08-11,Amazonia,4186.0,0.7265034695450958
2016-08-12,Amazonia,3513.0,0.4828333698270193
2016-08-13,Amazonia,2724.0,1.2731671979136494
2016-08-14,Amazonia,4208.0,0.5812579300344355
2016-08-15,Amazonia,4138.0,0.9264857437306763
2016-08-16,Amazonia,3559.0,2.8896648505861005
2016-08-17,Amazonia,4938.0,1.1801398239254404
2016-08-18,Amazonia,3423.0,6.018443514644328
2016-08-19,Amazonia,1513.0,6.011216022889845
2016-08-20,Amazonia,1552.0,4.61262304574408
2016-08-21,Amazonia,2170.0,3.011213146447579
2016-08-22,Amazonia,3947.0,0.6899858956276568
2016-08-23,Amazonia,5054.0,0.28705123736493277
2016-08-24,Amazonia,5560.0,0.38734260477353705
2016-08-25,Amazonia,5469.0,0.8856305286978012
2016-08-26,Amazonia,5815.0,0.9336463823670504
2016-08-27,Amazonia,6171.0,1.767192126807164
2016-08-28,Amazonia,3812.0,2.88130413859477
2016-08-29,Amazonia,2779.0,2.104603838937803
2016-08-30,Amazonia,1791.0,4.030815374361261
2016-08-31,Amazonia,1923.0,0.7053929121725648
2016-09-01,Amazonia,1499.0,3.4236195508586613
2016-09-02,Amazonia,1290.0,6.752130637636042
2016-09-03,Amazonia,1058.0,4.862007299270108
2016-09-04,Amazonia,1783.0,0.6557841383422712
2016-09-05,Amazonia,3644.0,0.15582547546747683
2016-09-06,Amazonia,5497.0,0.2963044677330371
2016-09-07,Amazonia,5883.0,0.4467476383265872
2016-09-08,Amazonia,7430.0,0.20044852477398475
2016-09-09,Amazonia,11410.0,0.44273491737557874
2016-09-10,Amazonia,10542.0,0.6460274542429542
2016-09-11,Amazonia,10430.0,0.48147272420199966
2016-09-12,Amazonia,9288.0,0.3997501827930841
2016-09-13,Amazonia,5669.0,1.2209323308270903
2016-09-14,Amazonia,2812.0,4.020027816411656
2016-09-15,Amazonia,1572.0,9.059994690735289
2016-09-16,Amazonia,884.0,4.430094991364434
2016-09-17,Amazonia,1612.0,2.550460782305996
2016-09-18,Amazonia,1167.0,5.785813053097315
2016-09-19,Amazonia,722.0,2.8032514700795637
2016-09-20,Amazonia,1172.0,1.2686811551056778
2016-09-21,Amazonia,1467.0,1.9500000000000297
2016-09-22,Amazonia,1272.0,3.0948455598456053
2016-09-23,Amazonia,378.0,4.0334606205250685
2016-09-24,Amazonia,533.0,2.823693803159171
2016-09-25,Amazonia,600.0,2.855709507883424
2016-09-26,Amazonia,560.0,1.8214937478877993
2016-09-27,Amazonia,798.0,3.0820956576463256
2016-09-28,Amazonia,1109.0,3.051261904761927
2016-09-29,Amazonia,726.0,4.1021347380094415
2016-09-30,Amazonia,356.0,4.1347342827370905
2016-10-01,Amazonia,435.0,3.355370370370369
2016-10-02,Amazonia,291.0,2.145454545454542
2016-10-03,Amazonia,745.0,1.1875602700096353
2016-10-04,Amazonia,764.0,1.6793103448276034
2016-10-05,Amazonia,439.0,1.7954143646409004
2016-10-06,Amazonia,165.0,7.753011494252868
2016-10-07,Amazonia,310.0,1.6202830188679245
2016-10-08,Amazonia,492.0,1.8457058967457867
2016-10-09,Amazonia,496.0,1.3786503433860866
2016-10-10,Amazonia,418.0,1.1110626363352991
2016-10-11,Amazonia,537.0,1.9333871401667957
2016-10-12,Amazonia,393.0,0.76040100250626
2016-10-13,Amazonia,1176.0,0.29393617021276414
2016-10-14,Amazonia,1585.0,0.7162054180471762
2016-10-15,Amazonia,2032.0,0.3782564575645735
2016-10-16,Amazonia,1586.0,0.89945802034803
2016-10-17,Amazonia,1696.0,0.90106382978725
2016-10-18,Amazonia,2199.0,1.0058905890589367
2016-10-19,Amazonia,2277.0,0.7170368975903871
2016-10-20,Amazonia,1100.0,1.5977964323190266
2016-10-21,Amazonia,311.0,2.826985796948973
2016-10-22,Amazonia,410.0,2.7031405591727378
2016-10-23,Amazonia,107.0,7.463643926788707
2016-10-24,Amazonia,87.0,4.840509259259245
2016-10-25,Amazonia,423.0,0.9718697361033056
2016-10-26,Amazonia,537.0,1.6394415357766117
2016-10-27,Amazonia,517.0,1.286548745372263
2016-10-28,Amazonia,180.0,1.038967136150236
2016-10-29,Amazonia,308.0,1.089113924050635
2016-10-30,Amazonia,386.0,1.7272913256955817
2016-10-31,Amazonia,613.0,1.2986543062201006
2016-11-01,Amazonia,732.0,0.5824713447022627
2016-11-02,Amazonia,789.0,1.5796819418288448
2016-11-03,Amazonia,603.0,0.6827828531271893
2016-11-04,Amazonia,846.0,0.6320323853020496
2016-11-05,Amazonia,1130.0,0.9795308808640021
2016-11-06,Amazonia,513.0,1.0126482213438663
2016-11-07,Amazonia,456.0,1.2718822979915918
2016-11-08,Amazonia,399.0,2.561463664278399
2016-11-09,Amazonia,485.0,1.7417630634224153
2016-11-10,Amazonia,619.0,0.5217734588521094
2016-11-11,Amazonia,705.0,0.6314943527367515
2016-11-12,Amazonia,1061.0,0.5097299709886072
2016-11-13,Amazonia,447.0,1.0836428571428518
2016-11-14,Amazonia,507.0,0.7130478337089824
2016-11-15,Amazonia,245.0,3.377053068485051
2016-11-16,Amazonia,440.0,1.460698689956332
2016-11-17,Amazonia,590.0,1.0200227531285504
2016-11-18,Amazonia,592.0,0.8379078694817685
2016-11-19,Amazonia,461.0,1.2872591943957892
2016-11-20,Amazonia,259.0,1.7282097649186243
2016-11-21,Amazonia,222.0,3.3114385964912194
2016-11-22,Amazonia,312.0,1.029603040540534
2016-11-23,Amazonia,743.0,0.4014770057066133
2016-11-24,Amazonia,489.0,0.6213184476342364
2016-11-25,Amazonia,839.0,0.3600760456273751
2016-11-26,Amazonia,954.0,0.34807207905444226
2016-11-27,Amazonia,1119.0,0.21865631691648932
2016-11-28,Amazonia,1286.0,0.2018729096989974
2016-11-29,Amazonia,1144.0,0.555965250965246
2016-11-30,Amazonia,1506.0,0.6681688635553911
2016-12-01,Amazonia,1089.0,0.6815655811174106
2016-12-02,Amazonia,1134.0,1.4063008130081285
2016-12-03,Amazonia,1103.0,1.387297399170753
2016-12-04,Amazonia,996.0,1.102315047810765
2016-12-05,Amazonia,1579.0,0.5098221845893225
2016-12-06,Amazonia,1492.0,0.9833019312293854
2016-12-07,Amazonia,2036.0,0.9255294117647116
2016-12-08,Amazonia,1515.0,0.9953934740882813
2016-12-09,Amazonia,1216.0,1.8510687463893816
2016-12-10,Amazonia,926.0,1.258146600835548
2016-12-11,Amazonia,806.0,1.3464715107161451
2016-12-12,Amazonia,913.0,1.4666024096385533
2016-12-13,Amazonia,409.0,1.9515254237288087
2016-12-14,Amazonia,95.0,7.556545961002782
2016-12-15,Amazonia,62.0,5.2638297872340445
2016-12-16,Amazonia,110.0,4.553020134228189
2016-12-17,Amazonia,54.0,4.820779220779221
2016-12-18,Amazonia,10.0,9.225373134328356
2016-12-19,Amazonia,24.0,1.5459459459459461
2016-12-20,Amazonia,7.0,6.846913580246915
2016-12-21,Amazonia,24.0,2.5745454545454556
2016-12-22,Amazonia,12.0,3.8646209386281565
2016-12-23,Amazonia,14.0,16.08071428571429
2016-12-24,Amazonia,3.0,6.149645390070922
2016-12-25,Amazonia,8.0,4.663106796116505
2016-12-26,Amazonia,16.0,2.4974299065420564
2016-12-27,Amazonia,21.0,1.6913669064748198
2016-12-28,Amazonia,49.0,1.4873935264054543
2016-12-29,Amazonia,24.0,4.241751269035527
2016-12-30,Amazonia,41.0,4.095773195876276
2016-12-31,Amazonia,4.0,3.1671999999999967
2016-01-01,Caatinga,82.0,1.3848484848484848
2016-01-02,Caatinga,274.0,1.1861728395061724
2016-01-03,Caatinga,290.0,1.0869074492099335
2016-01-04,Caatinga,239.0,4.429552238805973
2016-01-05,Caatinga,226.0,0.37719869706840387
2016-01-06,Caatinga,33.0,3.8359374999999996
2016-01-07,Caatinga,3.0,14.729999999999999
2016-01-08,Caatinga,1.0,4.775
2016-01-09,Caatinga,1.0,8.98
2016-01-10,Caatinga,2.0,5.771428571428572
2016-01-11,Caatinga,2.0,0.08823529411764709
2016-01-12,Caatinga,119.0,0.46358208955223834
2016-01-13,Caatinga,46.0,8.102631578947376
2016-01-14,Caatinga,9.0,4.344444444444445
2016-01-15,Caatinga,18.0,1.8500000000000003
2016-01-16,Caatinga,7.0,2.6268292682926817
2016-01-17,Caatinga,0.0,15.600000000000001
2016-01-18,Caatinga,2.0,2.65
2016-01-19,Caatinga,3.0,0.9384615384615386
2016-01-20,Caatinga,2.0,1.8250000000000002
2016-01-21,Caatinga,0.0,
2016-01-22,Caatinga,0.0,
2016-01-23,Caatinga,0.0,5.85
2016-01-24,Caatinga,0.0,0.0
2016-01-25,Caatinga,5.0,0.0071428571428571435
2016-01-26,Caatinga,8.0,0.2863636363636363
2016-01-27,Caatinga,8.0,1.592
2016-01-28,Caatinga,17.0,1.0314285714285714
2016-01-29,Caatinga,33.0,1.8154761904761905
2016-01-30,Caatinga,32.0,2.6472222222222235
2016-01-31,Caatinga,1.0,0.18000000000000005
2016-02-01,Caatinga,0.0,1.95
2016-02-02,Caatinga,0.0,1.7923076923076924
2016-02-03,Caatinga,1.0,4.866666666666666
2016-02-04,Caatinga,20.0,0.28717948717948716
2016-02-05,Caatinga,19.0,0.15405405405405403
2016-02-06,Caatinga,24.0,0.10350877192982456
2016-02-07,Caatinga,20.0,0.049999999999999996
2016-02-08,Caatinga,66.0,0.007199999999999999
2016-02-09,Caatinga,82.0,0.2732394366197184
2016-02-10,Caatinga,28.0,0.125
2016-02-11,Caatinga,59.0,0.12945736434108532
2016-02-12,Caatinga,103.0,0.06428571428571427
2016-02-13,Caatinga,31.0,0.8428571428571427
2016-02-14,Caatinga,8.0,1.9250000000000007
2016-02-15,Caatinga,26.0,1.59795918367347
2016-02-16,Caatinga,26.0,0.7645833333333334
2016-02-17,Caatinga,55.0,0.3317073170731707
2016-02-18,Caatinga,38.0,0.5513513513513513
2016-02-19,Caatinga,25.0,2.048275862068965
2016-02-20,Caatinga,17.0,0.4285714285714285
2016-02-21,Caatinga,8.0,0.2
2016-02-22,Caatinga,36.0,0.13023255813953488
2016-02-23,Caatinga,32.0,0.5788461538461538
2016-02-24,Caatinga,42.0,0.745
2016-02-25,Caatinga,74.0,0.21458333333333335
2016-02-26,Caatinga,21.0,0.4258064516129032
2016-02-27,Caatinga,28.0,0.26756756756756755
2016-02-28,Caatinga,11.0,0.7086956521739131
2016-02-29,Caatinga,72.0,0.06
2016-03-01,Caatinga,112.0,0.0223021582733813
2016-03-02,Caatinga,86.0,0.023469387755102038
2016-03-03,Caatinga,34.0,0.9595238095238097
2016-03-04,Caatinga,32.0,1.053846153846154
2016-03-05,Caatinga,26.0,0.9404761904761904
2016-03-06,Caatinga,38.0,0.2047619047619047
2016-03-07,Caatinga,73.0,0.060714285714285686
2016-03-08,Caatinga,28.0,0.2761904761904762
2016-03-09,Caatinga,33.0,0.4295454545454546
2016-03-10,Caatinga,51.0,0.0459016393442623
2016-03-11,Caatinga,70.0,0.1654320987654321
2016-03-12,Caatinga,46.0,0.3709090909090909
2016-03-13,Caatinga,35.0,0.018421052631578946
2016-03-14,Caatinga,24.0,0.48666666666666664
2016-03-15,Caatinga,21.0,0.136
2016-03-16,Caatinga,64.0,0.318421052631579
2016-03-17,Caatinga,71.0,1.131460674157303
2016-03-18,Caatinga,39.0,0.9583333333333334
2016-03-19,Caatinga,34.0,0.08837209302325587
2016-03-20,Caatinga,13.0,0.9952380952380954
2016-03-21,Caatinga,37.0,2.2895833333333333
2016-03-22,Caatinga,59.0,0.1380281690140845
2016-03-23,Caatinga,92.0,0.2642857142857144
2016-03-24,Caatinga,18.0,0.15555555555555556
2016-03-25,Caatinga,12.0,0.008333333333333333
2016-03-26,Caatinga,29.0,0.016129032258064516
2016-03-27,Caatinga,27.0,0.3548387096774193
2016-03-28,Caatinga,53.0,0.30517241379310345
2016-03-29,Caatinga,47.0,1.8396226415094343
2016-03-30,Caatinga,25.0,0.6307692307692307
2016-03-31,Caatinga,9.0,0.03076923076923077
2016-04-01,Caatinga,15.0,0.6521739130434782
2016-04-02,Caatinga,18.0,0.831578947368421
2016-04-03,Caatinga,5.0,1.475
2016-04-04,Caatinga,25.0,1.304
2016-04-05,Caatinga,40.0,0.06279069767441862
2016-04-06,Caatinga,18.0,0.5133333333333333
2016-04-07,Caatinga,59.0,0.11746031746031745
2016-04-08,Caatinga,74.0,0.030864197530864196
2016-04-09,Caatinga,40.0,0.128
2016-04-10,Caatinga,35.0,0.36486486486486486
2016-04-11,Caatinga,33.0,0.24285714285714283
2016-04-12,Caatinga,29.0,0.28
2016-04-13,Caatinga,35.0,0.5510638297872341
2016-04-14,Caatinga,22.0,2.203703703703704
2016-04-15,Caatinga,16.0,1.7142857142857142
2016-04-16,Caatinga,37.0,0.3923076923076924
2016-04-17,Caatinga,13.0,0.3375
2016-04-18,Caatinga,12.0,0.5421052631578948
2016-04-19,Caatinga,49.0,0.23709677419354838
2016-04-20,Caatinga,17.0,0.1380952380952381
2016-04-21,Caatinga,56.0,0.04193548387096775
2016-04-22,Caatinga,76.0,0.015000000000000003
2016-04-23,Caatinga,72.0,0.015853658536585366
2016-04-24,Caatinga,57.0,0.046153846153846156
2016-04-25,Caatinga,53.0,0.009836065573770491
2016-04-26,Caatinga,83.0,0.028409090909090908
2016-04-27,Caatinga,73.0,0.06756756756756756
2016-04-28,Caatinga,92.0,0.03551401869158879
2016-04-29,Caatinga,78.0,0.04347826086956523
2016-04-30,Caatinga,68.0,0.020833333333333332
2016-05-01,Caatinga,55.0,2.0026315789473688
2016-05-02,Caatinga,46.0,0.19166666666666665
2016-05-03,Caatinga,39.0,0.1088888888888889
2016-05-04,Caatinga,48.0,0.057627118644067804
2016-05-05,Caatinga,68.0,0.19154929577464785
2016-05-06,Caatinga,69.0,0.20740740740740737
2016-05-07,Caatinga,99.0,0.011764705882352941
2016-05-08,Caatinga,37.0,0.03571428571428571
2016-05-09,Caatinga,45.0,0.16739130434782606
2016-05-10,Caatinga,79.0,1.278021978021978
2016-05-11,Caatinga,48.0,1.022448979591837
2016-05-12,Caatinga,51.0,0.09821428571428568
2016-05-13,Caatinga,49.0,0.0
2016-05-14,Caatinga,36.0,0.28250000000000003
2016-05-15,Caatinga,19.0,0.184
2016-05-16,Caatinga,32.0,0.0
2016-05-17,Caatinga,44.0,0.020833333333333332
2016-05-18,Caatinga,68.0,0.27692307692307694
2016-05-19,Caatinga,64.0,0.10121951219512194
2016-05-20,Caatinga,81.0,0.022222222222222223
2016-05-21,Caatinga,75.0,0.03541666666666667
2016-05-22,Caatinga,24.0,0.010714285714285716
2016-05-23,Caatinga,13.0,0.013333333333333334
2016-05-24,Caatinga,26.0,0.511764705882353
2016-05-25,Caatinga,11.0,0.195
2016-05-26,Caatinga,14.0,0.1166666666666667
2016-05-27,Caatinga,28.0,0.04
2016-05-28,Caatinga,20.0,0.0
2016-05-29,Caatinga,32.0,0.013513513513513514
2016-05-30,Caatinga,18.0,0.11428571428571428
2016-05-31,Caatinga,44.0,0.7941176470588235
2016-06-01,Caatinga,29.0,0.04285714285714286
2016-06-02,Caatinga,73.0,0.0
2016-06-03,Caatinga,50.0,0.39818181818181825
2016-06-04,Caatinga,54.0,0.11718750000000001
2016-06-05,Caatinga,24.0,0.2076923076923077
2016-06-06,Caatinga,82.0,0.03932584269662922
2016-06-07,Caatinga,56.0,0.11384615384615383
2016-06-08,Caatinga,83.0,0.0
2016-06-09,Caatinga,95.0,0.003061224489795918
2016-06-10,Caatinga,75.0,0.04
2016-06-11,Caatinga,75.0,0.02125
2016-06-12,Caatinga,44.0,0.006818181818181818
2016-06-13,Caatinga,79.0,0.1
2016-06-14,Caatinga,89.0,0.010526315789473684
2016-06-15,Caatinga,97.0,0.0009523809523809524
2016-06-16,Caatinga,117.0,0.0
2016-06-17,Caatinga,97.0,0.019626168224299065
2016-06-18,Caatinga,34.0,0.032432432432432434
2016-06-19,Caatinga,18.0,0.013043478260869568
2016-06-20,Caatinga,39.0,0.03636363636363637
2016-06-21,Caatinga,102.0,0.020833333333333332
2016-06-22,Caatinga,29.0,0.8860465116279072
2016-06-23,Caatinga,49.0,0.064
2016-06-24,Caatinga,50.0,0.01730769230769231
2016-06-25,Caatinga,72.0,0.0
2016-06-26,Caatinga,18.0,0.12608695652173915
2016-06-27,Caatinga,40.0,0.30731707317073176
2016-06-28,Caatinga,62.0,0.06619718309859154
2016-06-29,Caatinga,88.0,0.01153846153846154
2016-06-30,Caatinga,116.0,0.006349206349206348
2016-07-01,Caatinga,105.0,0.009009009009009009
2016-07-02,Caatinga,86.0,0.014606741573033709
2016-07-03,Caatinga,89.0,0.03820224719101125
2016-07-04,Caatinga,127.0,0.02248062015503876
2016-07-05,Caatinga,137.0,0.0007142857142857143
2016-07-06,Caatinga,189.0,0.06544502617801035
2016-07-07,Caatinga,115.0,0.14237288135593218
2016-07-08,Caatinga,122.0,0.7489795918367348
2016-07-09,Caatinga,121.0,0.18174603174603174
2016-07-10,Caatinga,71.0,0.002631578947368421
2016-07-11,Caatinga,112.0,0.026016260162601626
2016-07-12,Caatinga,114.0,0.08294573643410852
2016-07-13,Caatinga,126.0,0.010666666666666668
2016-07-14,Caatinga,136.0,0.004697986577181208
2016-07-15,Caatinga,151.0,0.0
2016-07-16,Caatinga,249.0,0.0
2016-07-17,Caatinga,212.0,0.026222222222222223
2016-07-18,Caatinga,236.0,0.037751004016064245
2016-07-19,Caatinga,182.0,0.021052631578947368
2016-07-20,Caatinga,252.0,0.00039370078740157485
2016-07-21,Caatinga,254.0,0.012213740458015267
2016-07-22,Caatinga,527.0,0.0011131725417439704
2016-07-23,Caatinga,341.0,0.750558659217877
2016-07-24,Caatinga,270.0,0.1354385964912281
2016-07-25,Caatinga,362.0,0.03078947368421051
2016-07-26,Caatinga,304.0,0.00446927374301676
2016-07-27,Caatinga,348.0,0.004456824512534819
2016-07-28,Caatinga,273.0,0.0003484320557491289
2016-07-29,Caatinga,218.0,0.009333333333333336
2016-07-30,Caatinga,278.0,0.0003460207612456748
2016-07-31,Caatinga,96.0,0.2871559633027523
2016-08-01,Caatinga,267.0,0.5934065934065927
2016-08-02,Caatinga,265.0,0.00892857142857143
2016-08-03,Caatinga,343.0,0.006798866855524082
2016-08-04,Caatinga,336.0,0.0005813953488372093
2016-08-05,Caatinga,495.0,0.00020080321285140563
2016-08-06,Caatinga,315.0,0.0
2016-08-07,Caatinga,586.0,0.0005076142131979696
2016-08-08,Caatinga,479.0,0.0004065040650406504
2016-08-09,Caatinga,588.0,0.0
2016-08-10,Caatinga,369.0,0.008000000000000002
2016-08-11,Caatinga,372.0,0.002133333333333333
2016-08-12,Caatinga,391.0,0.009898477157360407
2016-08-13,Caatinga,544.0,0.0021937842778793418
2016-08-14,Caatinga,504.0,0.004133858267716535
2016-08-15,Caatinga,379.0,0.006510416666666667
2016-08-16,Caatinga,467.0,0.06673773987206824
2016-08-17,Caatinga,637.0,0.009782608695652176
2016-08-18,Caatinga,749.0,0.02063492063492063
2016-08-19,Caatinga,817.0,0.002063106796116505
2016-08-20,Caatinga,429.0,0.004838709677419355
2016-08-21,Caatinga,488.0,0.03787575150300602
2016-08-22,Caatinga,1032.0,0.009798270893371755
2016-08-23,Caatinga,921.0,0.011555075593952477
2016-08-24,Caatinga,656.0,0.03055975794251137
2016-08-25,Caatinga,620.0,0.009919999999999997
2016-08-26,Caatinga,487.0,0.0071868583162217675
2016-08-27,Caatinga,292.0,0.0013698630136986301
2016-08-28,Caatinga,395.0,0.044696969696969686
2016-08-29,Caatinga,560.0,0.002309058614564832
2016-08-30,Caatinga,993.0,0.006312625250501
2016-08-31,Caatinga,601.0,0.009121061359867332
2016-09-01,Caatinga,764.0,0.012093628088426523
2016-09-02,Caatinga,815.0,0.0004884004884004884
2016-09-03,Caatinga,545.0,0.16141304347826074
2016-09-04,Caatinga,521.0,0.0034416826003824106
2016-09-05,Caatinga,397.0,0.017293233082706763
2016-09-06,Caatinga,751.0,0.03837981407702525
2016-09-07,Caatinga,1130.0,0.058141592920353986
2016-09-08,Caatinga,1043.0,0.04061302681992338
2016-09-09,Caatinga,720.0,0.013854595336076815
2016-09-10,Caatinga,580.0,0.006346483704974272
2016-09-11,Caatinga,477.0,0.006276150627615064
2016-09-12,Caatinga,463.0,0.02494623655913977
2016-09-13,Caatinga,907.0,0.0779120879120879
2016-09-14,Caatinga,1079.0,0.04645161290322581
2016-09-15,Caatinga,1205.0,0.019322873658133777
2016-09-16,Caatinga,771.0,0.2595907928388745
2016-09-17,Caatinga,702.0,0.03516174402250353
2016-09-18,Caatinga,572.0,0.14565972222222218
2016-09-19,Caatinga,1012.0,0.003346456692913386
2016-09-20,Caatinga,1449.0,0.005906593406593404
2016-09-21,Caatinga,946.0,0.21769633507853403
2016-09-22,Caatinga,521.0,0.5005692599620488
2016-09-23,Caatinga,259.0,0.3615969581749051
2016-09-24,Caatinga,681.0,0.15371179039301314
2016-09-25,Caatinga,704.0,0.5603375527426171
2016-09-26,Caatinga,215.0,1.5100840336134458
2016-09-27,Caatinga,235.0,0.6257142857142861
2016-09-28,Caatinga,216.0,0.38409090909090904
2016-09-29,Caatinga,402.0,0.14594594594594607
2016-09-30,Caatinga,480.0,0.13946830265848675
2016-10-01,Caatinga,567.0,0.058894645941278106
2016-10-02,Caatinga,570.0,0.045674740484429065
2016-10-03,Caatinga,865.0,0.005119453924914675
2016-10-04,Caatinga,877.0,0.05591882750845551
2016-10-05,Caatinga,1271.0,0.22476993865030656
2016-10-06,Caatinga,524.0,1.4064102564102579
2016-10-07,Caatinga,355.0,0.2174603174603175
2016-10-08,Caatinga,472.0,0.4709418837675347
2016-10-09,Caatinga,570.0,0.1662229617304491
2016-10-10,Caatinga,1407.0,0.010239361702127659
2016-10-11,Caatinga,2852.0,0.0019965576592082617
2016-10-12,Caatinga,2509.0,0.002737009123363745
2016-10-13,Caatinga,1656.0,0.00012055455093429777
2016-10-14,Caatinga,2159.0,8.71839581517001e-05
2016-10-15,Caatinga,3841.0,0.0004407570650764844
2016-10-16,Caatinga,2236.0,0.011000398565165406
2016-10-17,Caatinga,2299.0,0.004388984509466431
2016-10-18,Caatinga,1381.0,0.06676136363636359
2016-10-19,Caatinga,2099.0,0.03873106060606065
2016-10-20,Caatinga,957.0,0.6747058823529423
2016-10-21,Caatinga,797.0,0.6468009478672985
2016-10-22,Caatinga,700.0,0.44445843828715365
2016-10-23,Caatinga,527.0,0.00873287671232877
2016-10-24,Caatinga,608.0,0.04298780487804877
2016-10-25,Caatinga,838.0,0.07311827956989256
2016-10-26,Caatinga,1624.0,0.049529964747356006
2016-10-27,Caatinga,1564.0,0.0009334889148191366
2016-10-28,Caatinga,1912.0,0.08617511520737321
2016-10-29,Caatinga,1669.0,0.048641449120937645
2016-10-30,Caatinga,800.0,0.17323788546255506
2016-10-31,Caatinga,801.0,0.15717488789237663
2016-11-01,Caatinga,986.0,0.0003610108303249098
2016-11-02,Caatinga,1680.0,0.001283950617283951
2016-11-03,Caatinga,816.0,0.004028925619834713
2016-11-04,Caatinga,1366.0,0.007444005270092219
2016-11-05,Caatinga,1750.0,0.01515480717001629
2016-11-06,Caatinga,1544.0,0.012615384615384608
2016-11-07,Caatinga,1033.0,0.17478912839737584
2016-11-08,Caatinga,559.0,0.7589743589743597
2016-11-09,Caatinga,278.0,0.42315112540192906
2016-11-10,Caatinga,347.0,0.23021390374331516
2016-11-11,Caatinga,1054.0,0.06722173531989473
2016-11-12,Caatinga,527.0,0.12144082332761592
2016-11-13,Caatinga,394.0,0.10144578313253019
2016-11-14,Caatinga,370.0,0.5187032418952613
2016-11-15,Caatinga,260.0,0.3168539325842691
2016-11-16,Caatinga,682.0,0.2882812499999995
2016-11-17,Caatinga,635.0,0.1271532846715326
2016-11-18,Caatinga,924.0,0.109765625
2016-11-19,Caatinga,121.0,0.3723577235772358
2016-11-20,Caatinga,220.0,0.1130081300813008
2016-11-21,Caatinga,372.0,0.02945544554455445
2016-11-22,Caatinga,1074.0,0.001409691629955947
2016-11-23,Caatinga,1082.0,0.0017587939698492463
2016-11-24,Caatinga,1139.0,0.00852459016393442
2016-11-25,Caatinga,1532.0,0.0006622516556291391
2016-11-26,Caatinga,1340.0,0.0005698005698005699
2016-11-27,Caatinga,1281.0,0.024944812362030905
2016-11-28,Caatinga,673.0,0.041598915989159886
2016-11-29,Caatinga,868.0,0.006956521739130431
2016-11-30,Caatinga,584.0,0.076416539050536
2016-12-01,Caatinga,721.0,0.06088657105606266
2016-12-02,Caatinga,1271.0,0.06155015197568384
2016-12-03,Caatinga,900.0,0.04663043478260874
2016-12-04,Caatinga,646.0,0.033636363636363645
2016-12-05,Caatinga,274.0,0.22756183745583042
2016-12-06,Caatinga,617.0,0.1101286173633443
2016-12-07,Caatinga,666.0,0.06293103448275869
2016-12-08,Caatinga,777.0,0.12082810539523206
2016-12-09,Caatinga,1144.0,0.061224489795918366
2016-12-10,Caatinga,905.0,0.02564935064935064
2016-12-11,Caatinga,476.0,0.05838383838383839
2016-12-12,Caatinga,315.0,0.22844036697247708
2016-12-13,Caatinga,181.0,0.12352941176470585
2016-12-14,Caatinga,281.0,0.3866883116883119
2016-12-15,Caatinga,138.0,2.6085227272727285
2016-12-16,Caatinga,27.0,1.6955555555555555
2016-12-17,Caatinga,141.0,1.4897637795275596
2016-12-18,Caatinga,14.0,0.7310344827586208
2016-12-19,Caatinga,14.0,1.4722222222222223
2016-12-20,Caatinga,73.0,7.257843137254903
2016-12-21,Caatinga,50.0,0.8447999999999992
2016-12-22,Caatinga,54.0,1.498101265822785
2016-12-23,Caatinga,202.0,0.3721348314606738
2016-12-24,Caatinga,123.0,0.8944162436548223
2016-12-25,Caatinga,61.0,1.6433070866141737
2016-12-26,Caatinga,190.0,0.9811387900355871
2016-12-27,Caatinga,402.0,0.1844346549192364
2016-12-28,Caatinga,196.0,0.28942598187311197
2016-12-29,Caatinga,149.0,1.869191919191919
2016-12-30,Caatinga,256.0,0.3501474926253685
2016-12-31,Caatinga,268.0,0.14681440443213317
2016-01-01,Cerrado,25.0,1.6370967741935478
2016-01-02,Cerrado,20.0,2.430952380952381
2016-01-03,Cerrado,15.0,3.4753623188405833
2016-01-04,Cerrado,16.0,2.214814814814814
2016-01-05,Cerrado,5.0,2.5225806451612893
2016-01-06,Cerrado,27.0,2.8615942028985493
2016-01-07,Cerrado,4.0,4.6466666666666665
2016-01-08,Cerrado,0.0,3.676923076923077
2016-01-09,Cerrado,0.0,19.133333333333333
2016-01-10,Cerrado,1.0,3.10625
2016-01-11,Cerrado,12.0,1.0000000000000002
2016-01-12,Cerrado,55.0,1.074007220216607
2016-01-13,Cerrado,3.0,12.97307692307692
2016-01-14,Cerrado,0.0,5.040000000000001
2016-01-15,Cerrado,2.0,1.7257142857142858
2016-01-16,Cerrado,4.0,0.21111111111111114
2016-01-17,Cerrado,0.0,1.2166666666666666
2016-01-18,Cerrado,0.0,1.0217391304347827
2016-01-19,Cerrado,4.0,0.6391304347826087
2016-01-20,Cerrado,0.0,0.025641025641025647
2016-01-21,Cerrado,0.0,0.4094827586206897
2016-01-22,Cerrado,5.0,0.3165829145728644
2016-01-23,Cerrado,5.0,3.068421052631579
2016-01-24,Cerrado,2.0,1.9277227722772277
2016-01-25,Cerrado,11.0,1.5895953757225427
2016-01-26,Cerrado,0.0,5.302793296089387
2016-01-27,Cerrado,1.0,8.841666666666667
2016-01-28,Cerrado,0.0,3.5923076923076924
2016-01-29,Cerrado,0.0,9.149999999999999
2016-01-30,Cerrado,0.0,1.1666666666666667
2016-01-31,Cerrado,2.0,0.31752577319587655
2016-02-01,Cerrado,4.0,1.5085937499999997
2016-02-02,Cerrado,11.0,2.146302250803861
2016-02-03,Cerrado,8.0,1.9087804878048786
2016-02-04,Cerrado,9.0,2.0173913043478255
2016-02-05,Cerrado,5.0,1.7723140495867769
2016-02-06,Cerrado,12.0,1.6110132158590318
2016-02-07,Cerrado,24.0,1.3187050359712251
2016-02-08,Cerrado,29.0,0.43694779116465854
2016-02-09,Cerrado,52.0,0.34575471698113197
2016-02-10,Cerrado,41.0,0.6740654205607477
2016-02-11,Cerrado,64.0,1.4745784695201039
2016-02-12,Cerrado,24.0,1.1769767441860481
2016-02-13,Cerrado,19.0,2.0355029585798827
2016-02-14,Cerrado,12.0,4.676315789473684
2016-02-15,Cerrado,2.0,2.2515789473684182
2016-02-16,Cerrado,8.0,0.19869281045751647
2016-02-17,Cerrado,39.0,1.0965277777777782
2016-02-18,Cerrado,65.0,0.9733096085409259
2016-02-19,Cerrado,18.0,0.3596858638743457
2016-02-20,Cerrado,47.0,0.9724444444444441
2016-02-21,Cerrado,18.0,2.273684210526315
2016-02-22,Cerrado,56.0,0.6077294685990335
2016-02-23,Cerrado,101.0,0.3689573459715637
2016-02-24,Cerrado,83.0,0.3870307167235495
2016-02-25,Cerrado,68.0,1.5347619047619034
2016-02-26,Cerrado,34.0,1.8097345132743354
2016-02-27,Cerrado,49.0,0.5303278688524593
2016-02-28,Cerrado,62.0,0.3859374999999999
2016-02-29,Cerrado,80.0,0.7563636363636363
2016-03-01,Cerrado,141.0,0.6328735632183907
2016-03-02,Cerrado,136.0,1.9546875000000035
2016-03-03,Cerrado,30.0,1.385483870967741
2016-03-04,Cerrado,15.0,1.7177777777777772
2016-03-05,Cerrado,8.0,9.446052631578945
2016-03-06,Cerrado,1.0,2.7180327868852463
2016-03-07,Cerrado,4.0,3.5671232876712318
2016-03-08,Cerrado,12.0,4.189062500000003
2016-03-09,Cerrado,6.0,2.6361702127659568
2016-03-10,Cerrado,1.0,3.3038461538461537
2016-03-11,Cerrado,3.0,2.9200000000000004
2016-03-12,Cerrado,0.0,1.7214285714285715
2016-03-13,Cerrado,0.0,1.8122448979591839
2016-03-14,Cerrado,3.0,0.729761904761905
2016-03-15,Cerrado,6.0,2.0568627450980386
2016-03-16,Cerrado,4.0,0.3130434782608696
2016-03-17,Cerrado,30.0,0.44936708860759494
2016-03-18,Cerrado,54.0,0.13333333333333333
2016-03-19,Cerrado,40.0,1.5685185185185193
2016-03-20,Cerrado,13.0,1.9051643192488268
2016-03-21,Cerrado,32.0,1.366319444444444
2016-03-22,Cerrado,7.0,1.7511627906976752
2016-03-23,Cerrado,29.0,2.858385093167703
2016-03-24,Cerrado,14.0,2.4434782608695635
2016-03-25,Cerrado,7.0,3.4679999999999995
2016-03-26,Cerrado,11.0,1.5700000000000007
2016-03-27,Cerrado,26.0,1.2120481927710844
2016-03-28,Cerrado,36.0,0.7079207920792078
2016-03-29,Cerrado,17.0,1.1941176470588233
2016-03-30,Cerrado,26.0,1.2338709677419362
2016-03-31,Cerrado,18.0,1.609004739336494
2016-04-01,Cerrado,40.0,0.6879166666666661
2016-04-02,Cerrado,41.0,1.0128027681660898
2016-04-03,Cerrado,25.0,0.7406249999999998
2016-04-04,Cerrado,55.0,1.3374172185430473
2016-04-05,Cerrado,106.0,0.9220512820512816
2016-04-06,Cerrado,175.0,0.2073286052009457
2016-04-07,Cerrado,108.0,0.5249211356466876
2016-04-08,Cerrado,124.0,0.5628398791540778
2016-04-09,Cerrado,157.0,1.3518404907975479
2016-04-10,Cerrado,59.0,1.259375
2016-04-11,Cerrado,158.0,0.5654545454545452
2016-04-12,Cerrado,151.0,0.900632911392405
2016-04-13,Cerrado,142.0,0.11842900302114805
2016-04-14,Cerrado,126.0,0.16681034482758625
2016-04-15,Cerrado,187.0,0.1346153846153848
2016-04-16,Cerrado,350.0,0.04161676646706589
2016-04-17,Cerrado,229.0,0.016605839416058397
2016-04-18,Cerrado,228.0,0.015452930728241556
2016-04-19,Cerrado,188.0,0.05072815533980585
2016-04-20,Cerrado,223.0,0.10730223123732274
2016-04-21,Cerrado,378.0,0.08242506811989106
2016-04-22,Cerrado,360.0,0.018616144975288292
2016-04-23,Cerrado,330.0,0.07612903225806458
2016-04-24,Cerrado,210.0,0.12681818181818186
2016-04-25,Cerrado,280.0,0.17768421052631586
2016-04-26,Cerrado,184.0,1.5139610389610394
2016-04-27,Cerrado,147.0,1.1962962962962969
2016-04-28,Cerrado,144.0,1.2041484716157225
2016-04-29,Cerrado,72.0,1.2480392156862745
2016-04-30,Cerrado,97.0,0.07212765957446811
2016-05-01,Cerrado,80.0,0.2028070175438597
2016-05-02,Cerrado,127.0,0.0653361344537815
2016-05-03,Cerrado,197.0,0.17785714285714274
2016-05-04,Cerrado,232.0,0.08000000000000002
2016-05-05,Cerrado,339.0,0.04808454425363285
2016-05-06,Cerrado,262.0,0.2797270955165688
2016-05-07,Cerrado,340.0,0.8927559055118137
2016-05-08,Cerrado,259.0,0.21116504854368928
2016-05-09,Cerrado,304.0,0.3692148760330572
2016-05-10,Cerrado,531.0,0.0900146842878121
2016-05-11,Cerrado,355.0,0.11139705882352947
2016-05-12,Cerrado,325.0,0.17408906882591077
2016-05-13,Cerrado,332.0,0.21069306930693035
2016-05-14,Cerrado,336.0,0.2282110091743122
2016-05-15,Cerrado,309.0,0.05771144278606962
2016-05-16,Cerrado,221.0,0.477272727272727
2016-05-17,Cerrado,359.0,0.09342806394316173
2016-05-18,Cerrado,420.0,0.3683836589698047
2016-05-19,Cerrado,490.0,0.34606557377049135
2016-05-20,Cerrado,628.0,0.12945914844649012
2016-05-21,Cerrado,445.0,0.19305555555555556
2016-05-22,Cerrado,439.0,0.06672760511883
2016-05-23,Cerrado,308.0,0.14739130434782607
2016-05-24,Cerrado,838.0,0.011310592459605024
2016-05-25,Cerrado,552.0,0.12756324900133154
2016-05-26,Cerrado,595.0,0.07766990291262149
2016-05-27,Cerrado,411.0,0.5172675521821631
2016-05-28,Cerrado,290.0,0.34447115384615395
2016-05-29,Cerrado,259.0,0.8803324099722989
2016-05-30,Cerrado,407.0,0.4346083788706732
2016-05-31,Cerrado,494.0,0.21120401337792638
2016-06-01,Cerrado,460.0,0.07549668874172193
2016-06-02,Cerrado,595.0,0.1809716599190281
2016-06-03,Cerrado,498.0,0.1881773399014775
2016-06-04,Cerrado,961.0,0.13719851576994416
2016-06-05,Cerrado,730.0,0.06021126760563385
2016-06-06,Cerrado,269.0,0.29590643274853795
2016-06-07,Cerrado,495.0,0.052836304700162075
2016-06-08,Cerrado,594.0,0.2750344827586207
2016-06-09,Cerrado,656.0,0.28456712672521955
2016-06-10,Cerrado,540.0,0.5361861861861857
2016-06-11,Cerrado,209.0,0.264450867052023
2016-06-12,Cerrado,246.0,0.10064794816414689
2016-06-13,Cerrado,441.0,0.05270935960591138
2016-06-14,Cerrado,976.0,0.4813636363636367
2016-06-15,Cerrado,946.0,0.028045789043336055
2016-06-16,Cerrado,945.0,0.004166666666666666
2016-06-17,Cerrado,983.0,0.0072327044025157225
2016-06-18,Cerrado,1089.0,0.02385386819484244
2016-06-19,Cerrado,994.0,0.00932475884244373
2016-06-20,Cerrado,829.0,0.07996306555863336
2016-06-21,Cerrado,1256.0,0.0089561457689932
2016-06-22,Cerrado,852.0,0.1283514492753621
2016-06-23,Cerrado,989.0,0.0352693602693603
2016-06-24,Cerrado,1151.0,0.10423476968796401
2016-06-25,Cerrado,1516.0,0.00963855421686747
2016-06-26,Cerrado,1067.0,0.005939004815409307
2016-06-27,Cerrado,1200.0,0.010747330960854087
2016-06-28,Cerrado,1377.0,0.005331680099194047
2016-06-29,Cerrado,1497.0,0.07812858783008039
2016-06-30,Cerrado,1805.0,0.06031073446327687
2016-07-01,Cerrado,1511.0,0.0008571428571428573
2016-07-02,Cerrado,1372.0,0.0035714285714285726
2016-07-03,Cerrado,1509.0,0.004076738609112711
2016-07-04,Cerrado,1405.0,0.0041191381495564
2016-07-05,Cerrado,1755.0,0.004295442640125719
2016-07-06,Cerrado,1310.0,0.02694226657163222
2016-07-07,Cerrado,1755.0,0.044677584442169946
2016-07-08,Cerrado,2024.0,0.08347946469773876
2016-07-09,Cerrado,2260.0,0.21404682274247488
2016-07-10,Cerrado,1508.0,0.007205513784461152
2016-07-11,Cerrado,2000.0,0.009838337182448047
2016-07-12,Cerrado,2161.0,0.04687767322497856
2016-07-13,Cerrado,2091.0,0.01845549738219897
2016-07-14,Cerrado,2936.0,0.0012626262626262632
2016-07-15,Cerrado,3205.0,0.027357078718946413
2016-07-16,Cerrado,4186.0,0.14452787258248054
2016-07-17,Cerrado,3023.0,0.00602409638554217
2016-07-18,Cerrado,2170.0,0.049050772626931576
2016-07-19,Cerrado,2543.0,0.08489719626168205
2016-07-20,Cerrado,2660.0,0.04347980155917779
2016-07-21,Cerrado,3083.0,0.020574606116774818
2016-07-22,Cerrado,3237.0,0.024926079243051444
2016-07-23,Cerrado,3578.0,0.04890666666666647
2016-07-24,Cerrado,3721.0,0.013360634758126438
2016-07-25,Cerrado,4357.0,0.00864913062862241
2016-07-26,Cerrado,3776.0,0.005123002789753999
2016-07-27,Cerrado,4129.0,0.0037264150943396184
2016-07-28,Cerrado,3686.0,0.004387331256490131
2016-07-29,Cerrado,2871.0,0.009051290646999662
2016-07-30,Cerrado,4894.0,0.00047628497717801157
2016-07-31,Cerrado,5389.0,0.0032520325203252037
2016-08-01,Cerrado,4945.0,0.02271566123010412
2016-08-02,Cerrado,4799.0,0.0003671221700999389
2016-08-03,Cerrado,5009.0,0.0014424951267056518
2016-08-04,Cerrado,4763.0,6.155108740254413e-05
2016-08-05,Cerrado,5951.0,0.0003605375286791216
2016-08-06,Cerrado,7019.0,0.0015763546798029551
2016-08-07,Cerrado,5422.0,5.439709882139619e-05
2016-08-08,Cerrado,6127.0,6.45682001614205e-05
2016-08-09,Cerrado,5340.0,0.023504431314623334
2016-08-10,Cerrado,5537.0,0.06562220232766348
2016-08-11,Cerrado,5309.0,0.07639144858090686
2016-08-12,Cerrado,5110.0,0.10414031052328948
2016-08-13,Cerrado,5061.0,0.17083718351506444
2016-08-14,Cerrado,5411.0,0.07741071428571454
2016-08-15,Cerrado,5317.0,0.9364717708158857
2016-08-16,Cerrado,3618.0,0.43765711412769903
2016-08-17,Cerrado,3806.0,0.1402160864345741
2016-08-18,Cerrado,4230.0,0.22176155115511578
2016-08-19,Cerrado,5131.0,0.21607913669064788
2016-08-20,Cerrado,5143.0,0.2665581479471875
2016-08-21,Cerrado,4844.0,0.18741633199464616
2016-08-22,Cerrado,6077.0,0.01467288357860993
2016-08-23,Cerrado,6570.0,0.15036252091466853
2016-08-24,Cerrado,6015.0,0.14842578710644816
2016-08-25,Cerrado,4328.0,0.36734978113807987
2016-08-26,Cerrado,5103.0,0.10129978336943947
2016-08-27,Cerrado,4990.0,0.20792177659927014
2016-08-28,Cerrado,3976.0,0.4136813681368105
2016-08-29,Cerrado,5684.0,0.23489496498832776
2016-08-30,Cerrado,5960.0,0.13266549126462718
2016-08-31,Cerrado,4207.0,0.18333714285714348
2016-09-01,Cerrado,4791.0,0.15214188796278472
2016-09-02,Cerrado,8940.0,0.1817142857142816
2016-09-03,Cerrado,7417.0,0.24108317214700137
2016-09-04,Cerrado,7025.0,0.010210293303818497
2016-09-05,Cerrado,6814.0,0.010897615708274893
2016-09-06,Cerrado,8345.0,0.01399262332872282
2016-09-07,Cerrado,9125.0,0.3249870129870095
2016-09-08,Cerrado,5267.0,0.29519873373197353
2016-09-09,Cerrado,7061.0,0.2512569292252151
2016-09-10,Cerrado,7956.0,0.170155440414508
2016-09-11,Cerrado,16779.0,0.01871813546977438
2016-09-12,Cerrado,16058.0,0.06885715891843328
2016-09-13,Cerrado,10427.0,0.1984475281873343
2016-09-14,Cerrado,9718.0,0.3222788634003562
2016-09-15,Cerrado,9621.0,0.09618595825427036
2016-09-16,Cerrado,6109.0,1.8210916072408647
2016-09-17,Cerrado,4988.0,0.8918009020618574
2016-09-18,Cerrado,5838.0,1.6063845473311877
2016-09-19,Cerrado,4304.0,0.9242799231918014
2016-09-20,Cerrado,4296.0,0.5345802337938307
2016-09-21,Cerrado,3123.0,0.7383490073145211
2016-09-22,Cerrado,2383.0,1.365426695842443
2016-09-23,Cerrado,1420.0,2.7476570820021307
2016-09-24,Cerrado,1545.0,1.3221713238662323
2016-09-25,Cerrado,1111.0,2.6525434642627164
2016-09-26,Cerrado,790.0,0.8242677824267788
2016-09-27,Cerrado,1257.0,1.1214355468749984
2016-09-28,Cerrado,1842.0,0.8739191073919095
2016-09-29,Cerrado,2702.0,2.2199428843407913
2016-09-30,Cerrado,2344.0,1.005249597423505
2016-10-01,Cerrado,1873.0,1.4432606941081514
2016-10-02,Cerrado,1659.0,0.6416734362307054
2016-10-03,Cerrado,2365.0,1.6409357997823883
2016-10-04,Cerrado,1834.0,3.365913284132877
2016-10-05,Cerrado,1247.0,1.3721167883211578
2016-10-06,Cerrado,468.0,3.8571897570584457
2016-10-07,Cerrado,492.0,0.2701025891548616
2016-10-08,Cerrado,1399.0,1.4630462237938984
2016-10-09,Cerrado,1356.0,0.8428134556574906
2016-10-10,Cerrado,2601.0,0.8928571428571408
2016-10-11,Cerrado,6875.0,0.2730627967392247
2016-10-12,Cerrado,4480.0,0.17332942555685807
2016-10-13,Cerrado,4892.0,0.061740080087368115
2016-10-14,Cerrado,5596.0,0.08240813907546467
2016-10-15,Cerrado,9077.0,0.04448294981979503
2016-10-16,Cerrado,7184.0,0.03955640936081064
2016-10-17,Cerrado,4995.0,0.14766736953083803
2016-10-18,Cerrado,2856.0,0.5161487865729195
2016-10-19,Cerrado,3344.0,1.5869970267591815
2016-10-20,Cerrado,1235.0,8.260058187863661
2016-10-21,Cerrado,330.0,6.011979823455232
2016-10-22,Cerrado,234.0,3.631535756154744
2016-10-23,Cerrado,275.0,1.7183979974968686
2016-10-24,Cerrado,476.0,1.329926335174954
2016-10-25,Cerrado,690.0,1.0093601895734574
2016-10-26,Cerrado,1627.0,0.7206859971711433
2016-10-27,Cerrado,1179.0,2.6167156862745165
2016-10-28,Cerrado,842.0,0.6406015037593954
2016-10-29,Cerrado,683.0,0.5180345007841105
2016-10-30,Cerrado,450.0,0.7426836672738291
2016-10-31,Cerrado,628.0,0.9208641273450798
2016-11-01,Cerrado,952.0,0.4301528485409923
2016-11-02,Cerrado,2115.0,0.3105697344676454
2016-11-03,Cerrado,1606.0,0.3014036418816402
2016-11-04,Cerrado,2595.0,0.07264684197591531
2016-11-05,Cerrado,4604.0,0.09774385301270085
2016-11-06,Cerrado,3079.0,0.39477064220183417
2016-11-07,Cerrado,1127.0,0.834966319657071
2016-11-08,Cerrado,368.0,2.165877287405812
2016-11-09,Cerrado,280.0,4.333571428571426
2016-11-10,Cerrado,248.0,1.9740845070422508
2016-11-11,Cerrado,424.0,1.656951423785589
2016-11-12,Cerrado,466.0,0.22369565217391246
2016-11-13,Cerrado,322.0,0.3596418732782367
2016-11-14,Cerrado,253.0,3.126041666666661
2016-11-15,Cerrado,23.0,17.939423076923067
2016-11-16,Cerrado,252.0,0.8434007134363875
2016-11-17,Cerrado,215.0,1.1627421758569314
2016-11-18,Cerrado,182.0,1.372177419354842
2016-11-19,Cerrado,177.0,0.5064516129032256
2016-11-20,Cerrado,246.0,1.5068840579710168
2016-11-21,Cerrado,87.0,2.275862068965517
2016-11-22,Cerrado,164.0,0.18811475409836065
2016-11-23,Cerrado,534.0,0.17334410339256864
2016-11-24,Cerrado,460.0,0.499394550958628
2016-11-25,Cerrado,784.0,0.2804792518994737
2016-11-26,Cerrado,750.0,0.25592755214050505
2016-11-27,Cerrado,942.0,0.13492795389048978
2016-11-28,Cerrado,681.0,0.3021276595744681
2016-11-29,Cerrado,566.0,0.4761549925484354
2016-11-30,Cerrado,308.0,2.2066293183940147
2016-12-01,Cerrado,244.0,3.391255961844193
2016-12-02,Cerrado,423.0,1.4886658795749685
2016-12-03,Cerrado,231.0,1.0488215488215498
2016-12-04,Cerrado,235.0,1.9695150115473474
2016-12-05,Cerrado,198.0,0.5157894736842099
2016-12-06,Cerrado,211.0,2.0589655172413783
2016-12-07,Cerrado,234.0,2.381770833333328
2016-12-08,Cerrado,209.0,1.9057851239669439
2016-12-09,Cerrado,373.0,0.8974926253687325
2016-12-10,Cerrado,192.0,0.38611111111111085
2016-12-11,Cerrado,290.0,0.6905982905982915
2016-12-12,Cerrado,176.0,0.9780645161290344
2016-12-13,Cerrado,32.0,3.3214953271028045
2016-12-14,Cerrado,37.0,3.34296875
2016-12-15,Cerrado,10.0,3.0931818181818183
2016-12-16,Cerrado,1.0,1.547058823529412
2016-12-17,Cerrado,3.0,0.6780821917808222
2016-12-18,Cerrado,3.0,3.4625000000000012
2016-12-19,Cerrado,2.0,2.5926605504587155
2016-12-20,Cerrado,9.0,2.3398373983739833
2016-12-21,Cerrado,14.0,0.9788888888888887
2016-12-22,Cerrado,38.0,1.0714859437751005
2016-12-23,Cerrado,110.0,3.4877064220183507
2016-12-24,Cerrado,107.0,1.4331578947368413
2016-12-25,Cerrado,50.0,3.5415584415584416
2016-12-26,Cerrado,55.0,3.984154929577463
2016-12-27,Cerrado,76.0,1.9000000000000017
2016-12-28,Cerrado,73.0,1.3623655913978516
2016-12-29,Cerrado,41.0,5.773454545454545
2016-12-30,Cerrado,27.0,1.3999999999999997
2016-12-31,Cerrado,24.0,0.6799999999999999
2016-01-01,Mata Atlantica,432.0,1.109874326750449
2016-01-02,Mata Atlantica,890.0,0.6923728813559336
2016-01-03,Mata Atlantica,425.0,6.445833333333356
2016-01-04,Mata Atlantica,171.0,3.584745762711867
2016-01-05,Mata Atlantica,8.0,0.9472222222222223
2016-01-06,Mata Atlantica,19.0,1.881981981981981
2016-01-07,Mata Atlantica,54.0,0.22513089005235595
2016-01-08,Mata Atlantica,69.0,0.9856459330143543
2016-01-09,Mata Atlantica,42.0,0.8666666666666669
2016-01-10,Mata Atlantica,58.0,0.36470588235294116
2016-01-11,Mata Atlantica,31.0,0.5756756756756757
2016-01-12,Mata Atlantica,43.0,1.949090909090909
2016-01-13,Mata Atlantica,10.0,7.412000000000002
2016-01-14,Mata Atlantica,55.0,2.565979381443299
2016-01-15,Mata Atlantica,45.0,0.3605042016806724
2016-01-16,Mata Atlantica,21.0,0.12820512820512817
2016-01-17,Mata Atlantica,0.0,0.2158536585365854
2016-01-18,Mata Atlantica,2.0,0.05425867507886434
2016-01-19,Mata Atlantica,13.0,0.064
2016-01-20,Mata Atlantica,20.0,0.06676557863501484
2016-01-21,Mata Atlantica,3.0,0.20281690140845068
2016-01-22,Mata Atlantica,1.0,0.13653846153846155
2016-01-23,Mata Atlantica,6.0,0.03829787234042554
2016-01-24,Mata Atlantica,33.0,0.28042553191489356
2016-01-25,Mata Atlantica,14.0,2.233576642335767
2016-01-26,Mata Atlantica,32.0,2.3100719424460423
2016-01-27,Mata Atlantica,27.0,2.5020833333333328
2016-01-28,Mata Atlantica,25.0,0.6290697674418605
2016-01-29,Mata Atlantica,35.0,1.1369127516778528
2016-01-30,Mata Atlantica,10.0,0.44130434782608696
2016-01-31,Mata Atlantica,12.0,0.39666666666666667
2016-02-01,Mata Atlantica,22.0,0.1691588785046729
2016-02-02,Mata Atlantica,40.0,0.3172222222222223
2016-02-03,Mata Atlantica,32.0,0.7137931034482758
2016-02-04,Mata Atlantica,47.0,1.0102362204724407
2016-02-05,Mata Atlantica,36.0,0.8637931034482759
2016-02-06,Mata Atlantica,42.0,1.0360655737704918
2016-02-07,Mata Atlantica,23.0,0.6936936936936937
2016-02-08,Mata Atlantica,90.0,0.34831460674157316
2016-02-09,Mata Atlantica,74.0,0.33400809716599184
2016-02-10,Mata Atlantica,62.0,0.2467336683417086
2016-02-11,Mata Atlantica,89.0,1.334682080924856
2016-02-12,Mata Atlantica,45.0,1.2840909090909096
2016-02-13,Mata Atlantica,36.0,0.6687074829931968
2016-02-14,Mata Atlantica,49.0,0.5923809523809522
2016-02-15,Mata Atlantica,48.0,4.1889570552147255
2016-02-16,Mata Atlantica,75.0,0.4083333333333334
2016-02-17,Mata Atlantica,75.0,0.24085106382978727
2016-02-18,Mata Atlantica,27.0,2.574264705882354
2016-02-19,Mata Atlantica,32.0,1.0475806451612901
2016-02-20,Mata Atlantica,64.0,0.6853403141361255
2016-02-21,Mata Atlantica,36.0,0.4803418803418804
2016-02-22,Mata Atlantica,52.0,0.25705882352941195
2016-02-23,Mata Atlantica,36.0,0.12836879432624107
2016-02-24,Mata Atlantica,96.0,0.0811659192825112
2016-02-25,Mata Atlantica,160.0,0.09413793103448277
2016-02-26,Mata Atlantica,78.0,0.2909090909090908
2016-02-27,Mata Atlantica,54.0,0.8673758865248228
2016-02-28,Mata Atlantica,64.0,0.223469387755102
2016-02-29,Mata Atlantica,134.0,0.02570093457943925
2016-03-01,Mata Atlantica,168.0,0.01225071225071225
2016-03-02,Mata Atlantica,87.0,0.09428571428571429
2016-03-03,Mata Atlantica,84.0,0.4561728395061727
2016-03-04,Mata Atlantica,144.0,0.15549738219895293
2016-03-05,Mata Atlantica,154.0,0.676953125
2016-03-06,Mata Atlantica,128.0,0.47008928571428477
2016-03-07,Mata Atlantica,153.0,0.3368243243243239
2016-03-08,Mata Atlantica,144.0,0.3042207792207792
2016-03-09,Mata Atlantica,197.0,0.40669014084507027
2016-03-10,Mata Atlantica,245.0,0.09641791044776118
2016-03-11,Mata Atlantica,213.0,0.19405405405405404
2016-03-12,Mata Atlantica,284.0,0.019098712446351924
2016-03-13,Mata Atlantica,95.0,0.07064220183486235
2016-03-14,Mata Atlantica,46.0,0.26424581005586617
2016-03-15,Mata Atlantica,32.0,0.6555555555555556
2016-03-16,Mata Atlantica,52.0,1.2303703703703692
2016-03-17,Mata Atlantica,58.0,0.2679611650485437
2016-03-18,Mata Atlantica,78.0,0.647843137254902
2016-03-19,Mata Atlantica,55.0,0.7126582278481014
2016-03-20,Mata Atlantica,55.0,0.39318181818181813
2016-03-21,Mata Atlantica,151.0,0.11821428571428583
2016-03-22,Mata Atlantica,151.0,0.7451327433628315
2016-03-23,Mata Atlantica,189.0,1.183695652173913
2016-03-24,Mata Atlantica,68.0,0.6627659574468087
2016-03-25,Mata Atlantica,28.0,0.06170212765957447
2016-03-26,Mata Atlantica,26.0,0.26326530612244897
2016-03-27,Mata Atlantica,80.0,0.20915492957746484
2016-03-28,Mata Atlantica,84.0,0.3854166666666666
2016-03-29,Mata Atlantica,77.0,0.13990825688073397
2016-03-30,Mata Atlantica,107.0,0.36943521594684353
2016-03-31,Mata Atlantica,37.0,1.5246835443037978
2016-04-01,Mata Atlantica,53.0,0.6642105263157893
2016-04-02,Mata Atlantica,78.0,0.6301255230125525
2016-04-03,Mata Atlantica,53.0,0.3337209302325581
2016-04-04,Mata Atlantica,74.0,0.2612765957446809
2016-04-05,Mata Atlantica,168.0,0.11203703703703712
2016-04-06,Mata Atlantica,154.0,0.15575000000000006
2016-04-07,Mata Atlantica,158.0,0.24744525547445254
2016-04-08,Mata Atlantica,299.0,0.16934460887949265
2016-04-09,Mata Atlantica,220.0,0.21972222222222218
2016-04-10,Mata Atlantica,218.0,0.4966216216216216
2016-04-11,Mata Atlantica,136.0,0.4616438356164383
2016-04-12,Mata Atlantica,192.0,0.05999999999999998
2016-04-13,Mata Atlantica,232.0,0.0395498392282958
2016-04-14,Mata Atlantica,185.0,0.15058823529411783
2016-04-15,Mata Atlantica,125.0,0.08606965174129354
2016-04-16,Mata Atlantica,265.0,0.009732360097323605
2016-04-17,Mata Atlantica,279.0,0.036561743341404364
2016-04-18,Mata Atlantica,184.0,0.03987138263665594
2016-04-19,Mata Atlantica,174.0,0.07898089171974532
2016-04-20,Mata Atlantica,208.0,0.0356968215158924
2016-04-21,Mata Atlantica,175.0,0.3386842105263157
2016-04-22,Mata Atlantica,168.0,0.3178438661710036
2016-04-23,Mata Atlantica,255.0,0.08804347826086958
2016-04-24,Mata Atlantica,283.0,0.0463917525773196
2016-04-25,Mata Atlantica,504.0,1.421669341894061
2016-04-26,Mata Atlantica,139.0,0.2603658536585365
2016-04-27,Mata Atlantica,177.0,0.364824120603015
2016-04-28,Mata Atlantica,142.0,0.4437500000000002
2016-04-29,Mata Atlantica,35.0,0.3237288135593219
2016-04-30,Mata Atlantica,41.0,0.3148148148148149
2016-05-01,Mata Atlantica,61.0,0.4649038461538462
2016-05-02,Mata Atlantica,121.0,0.11442307692307693
2016-05-03,Mata Atlantica,143.0,0.04887459807073954
2016-05-04,Mata Atlantica,152.0,0.035211267605633804
2016-05-05,Mata Atlantica,111.0,0.02157534246575342
2016-05-06,Mata Atlantica,106.0,1.1944444444444444
2016-05-07,Mata Atlantica,77.0,0.2210884353741496
2016-05-08,Mata Atlantica,111.0,0.12556390977443607
2016-05-09,Mata Atlantica,143.0,1.1543352601156065
2016-05-10,Mata Atlantica,184.0,0.2746938775510206
2016-05-11,Mata Atlantica,99.0,0.08270676691729323
2016-05-12,Mata Atlantica,94.0,0.06782608695652174
2016-05-13,Mata Atlantica,47.0,0.19615384615384618
2016-05-14,Mata Atlantica,59.0,0.010937500000000001
2016-05-15,Mata Atlantica,67.0,0.3566666666666667
2016-05-16,Mata Atlantica,41.0,4.460439560439561
2016-05-17,Mata Atlantica,84.0,0.11575757575757574
2016-05-18,Mata Atlantica,70.0,0.4637096774193549
2016-05-19,Mata Atlantica,21.0,1.8999999999999995
2016-05-20,Mata Atlantica,29.0,0.8065573770491806
2016-05-21,Mata Atlantica,9.0,2.075
2016-05-22,Mata Atlantica,41.0,0.168
2016-05-23,Mata Atlantica,45.0,0.786206896551724
2016-05-24,Mata Atlantica,29.0,0.1214285714285714
2016-05-25,Mata Atlantica,34.0,0.04175824175824177
2016-05-26,Mata Atlantica,50.0,0.2635416666666668
2016-05-27,Mata Atlantica,81.0,0.02019230769230769
2016-05-28,Mata Atlantica,16.0,1.5030303030303034
2016-05-29,Mata Atlantica,17.0,1.0718750000000001
2016-05-30,Mata Atlantica,80.0,3.0070796460177007
2016-05-31,Mata Atlantica,77.0,0.5028037383177569
2016-06-01,Mata Atlantica,102.0,1.1390624999999999
2016-06-02,Mata Atlantica,82.0,0.05157894736842106
2016-06-03,Mata Atlantica,68.0,0.32133333333333336
2016-06-04,Mata Atlantica,137.0,0.2000000000000001
2016-06-05,Mata Atlantica,144.0,0.23333333333333334
2016-06-06,Mata Atlantica,191.0,0.05707070707070708
2016-06-07,Mata Atlantica,103.0,0.25362318840579723
2016-06-08,Mata Atlantica,77.0,0.04540540540540538
2016-06-09,Mata Atlantica,50.0,0.03767123287671232
2016-06-10,Mata Atlantica,19.0,0.11927710843373494
2016-06-11,Mata Atlantica,28.0,0.2775862068965518
2016-06-12,Mata Atlantica,19.0,0.0
2016-06-13,Mata Atlantica,26.0,0.007958477508650521
2016-06-14,Mata Atlantica,28.0,0.10966010733452604
2016-06-15,Mata Atlantica,71.0,0.003010752688172044
2016-06-16,Mata Atlantica,100.0,0.037017994858611826
2016-06-17,Mata Atlantica,92.0,0.09515418502202648
2016-06-18,Mata Atlantica,84.0,0.3328703703703701
2016-06-19,Mata Atlantica,54.0,0.03081761006289307
2016-06-20,Mata Atlantica,69.0,0.13274853801169595
2016-06-21,Mata Atlantica,66.0,0.1551724137931034
2016-06-22,Mata Atlantica,51.0,0.08513513513513508
2016-06-23,Mata Atlantica,79.0,0.035119047619047605
2016-06-24,Mata Atlantica,101.0,0.03896103896103895
2016-06-25,Mata Atlantica,110.0,0.2386046511627909
2016-06-26,Mata Atlantica,136.0,0.03713450292397658
2016-06-27,Mata Atlantica,112.0,0.010817941952506595
2016-06-28,Mata Atlantica,154.0,0.23780160857908836
2016-06-29,Mata Atlantica,165.0,0.223478260869565
2016-06-30,Mata Atlantica,76.0,1.2366279069767427
2016-07-01,Mata Atlantica,189.0,0.04636678200692044
2016-07-02,Mata Atlantica,238.0,0.0067039106145251395
2016-07-03,Mata Atlantica,300.0,0.006808510638297873
2016-07-04,Mata Atlantica,331.0,0.19693486590038287
2016-07-05,Mata Atlantica,292.0,0.791972477064221
2016-07-06,Mata Atlantica,236.0,0.284686774941995
2016-07-07,Mata Atlantica,207.0,0.00788863109048724
2016-07-08,Mata Atlantica,244.0,0.07761506276150636
2016-07-09,Mata Atlantica,206.0,0.37302452316076234
2016-07-10,Mata Atlantica,381.0,0.042601626016260156
2016-07-11,Mata Atlantica,526.0,0.014814814814814808
2016-07-12,Mata Atlantica,467.0,3.1355392156862743
2016-07-13,Mata Atlantica,394.0,1.4817836812144218
2016-07-14,Mata Atlantica,380.0,0.003556485355648537
2016-07-15,Mata Atlantica,343.0,0.6477124183006541
2016-07-16,Mata Atlantica,473.0,1.4533898305084811
2016-07-17,Mata Atlantica,236.0,0.04442105263157896
2016-07-18,Mata Atlantica,120.0,0.04651162790697675
2016-07-19,Mata Atlantica,90.0,0.3122994652406417
2016-07-20,Mata Atlantica,114.0,0.056440677966101714
2016-07-21,Mata Atlantica,121.0,0.002551020408163266
2016-07-22,Mata Atlantica,124.0,0.008645533141210375
2016-07-23,Mata Atlantica,240.0,0.019729206963249514
2016-07-24,Mata Atlantica,229.0,0.03559577677224736
2016-07-25,Mata Atlantica,412.0,0.015405853119823303
2016-07-26,Mata Atlantica,396.0,1.3526159921026601
2016-07-27,Mata Atlantica,536.0,0.031448412698412725
2016-07-28,Mata Atlantica,316.0,0.015185185185185177
2016-07-29,Mata Atlantica,216.0,0.09020000000000011
2016-07-30,Mata Atlantica,317.0,0.0032258064516129037
2016-07-31,Mata Atlantica,524.0,0.01929429429429431
2016-08-01,Mata Atlantica,354.0,0.19867629362214176
2016-08-02,Mata Atlantica,395.0,0.3450909090909089
2016-08-03,Mata Atlantica,296.0,0.22391752577319585
2016-08-04,Mata Atlantica,297.0,0.004072398190045251
2016-08-05,Mata Atlantica,475.0,0.00040567951318458417
2016-08-06,Mata Atlantica,609.0,0.0333863275039746
2016-08-07,Mata Atlantica,581.0,0.20645161290322578
2016-08-08,Mata Atlantica,492.0,0.0453658536585366
2016-08-09,Mata Atlantica,411.0,0.2682226211849192
2016-08-10,Mata Atlantica,243.0,0.3699999999999998
2016-08-11,Mata Atlantica,304.0,0.15089700996677743
2016-08-12,Mata Atlantica,400.0,0.006611570247933883
2016-08-13,Mata Atlantica,427.0,0.10365005793742765
2016-08-14,Mata Atlantica,463.0,0.13659359190556486
2016-08-15,Mata Atlantica,446.0,5.879057591623044
2016-08-16,Mata Atlantica,79.0,2.3478424015009387
2016-08-17,Mata Atlantica,261.0,1.5797319932998337
2016-08-18,Mata Atlantica,376.0,1.987853107344632
2016-08-19,Mata Atlantica,369.0,0.7859793814432989
2016-08-20,Mata Atlantica,101.0,2.7313333333333345
2016-08-21,Mata Atlantica,111.0,0.7298013245033113
2016-08-22,Mata Atlantica,67.0,0.16470588235294117
2016-08-23,Mata Atlantica,28.0,0.016818181818181815
2016-08-24,Mata Atlantica,78.0,0.0002388535031847134
2016-08-25,Mata Atlantica,305.0,0.002332912988650694
2016-08-26,Mata Atlantica,480.0,0.0010034904013961608
2016-08-27,Mata Atlantica,609.0,0.012095853936858126
2016-08-28,Mata Atlantica,550.0,0.19576023391812883
2016-08-29,Mata Atlantica,536.0,0.14847890088321886
2016-08-30,Mata Atlantica,502.0,0.08372434017595311
2016-08-31,Mata Atlantica,148.0,3.25495867768595
2016-09-01,Mata Atlantica,78.0,0.33545816733067724
2016-09-02,Mata Atlantica,128.0,0.04351351351351352
2016-09-03,Mata Atlantica,93.0,1.511111111111112
2016-09-04,Mata Atlantica,219.0,0.23688760806916423
2016-09-05,Mata Atlantica,270.0,0.8623376623376634
2016-09-06,Mata Atlantica,308.0,0.1529850746268657
2016-09-07,Mata Atlantica,417.0,0.3766666666666663
2016-09-08,Mata Atlantica,608.0,0.49733333333333385
2016-09-09,Mata Atlantica,376.0,0.5506102522375916
2016-09-10,Mata Atlantica,196.0,0.021581548599670524
2016-09-11,Mata Atlantica,294.0,0.019043151969981235
2016-09-12,Mata Atlantica,588.0,0.07621677597514648
2016-09-13,Mata Atlantica,956.0,0.3608165752589894
2016-09-14,Mata Atlantica,1337.0,0.07222480260102178
2016-09-15,Mata Atlantica,1112.0,0.10366419294990704
2016-09-16,Mata Atlantica,382.0,0.5066270178419723
2016-09-17,Mata Atlantica,330.0,0.39964813511611563
2016-09-18,Mata Atlantica,638.0,2.5829622458857653
2016-09-19,Mata Atlantica,536.0,4.509578544061303
2016-09-20,Mata Atlantica,588.0,0.6016706443914085
2016-09-21,Mata Atlantica,395.0,0.525371287128713
2016-09-22,Mata Atlantica,374.0,0.047729379054680256
2016-09-23,Mata Atlantica,515.0,0.010478497880072683
2016-09-24,Mata Atlantica,447.0,1.5716000000000003
2016-09-25,Mata Atlantica,334.0,1.2095563139931755
2016-09-26,Mata Atlantica,298.0,0.037271750805585396
2016-09-27,Mata Atlantica,390.0,0.0007438016528925619
2016-09-28,Mata Atlantica,315.0,0.0008288928359976319
2016-09-29,Mata Atlantica,592.0,0.10741324921135635
2016-09-30,Mata Atlantica,574.0,0.20511571254567598
2016-10-01,Mata Atlantica,281.0,0.4464285714285712
2016-10-02,Mata Atlantica,329.0,0.018541666666666668
2016-10-03,Mata Atlantica,126.0,3.971774193548388
2016-10-04,Mata Atlantica,101.0,0.15772727272727277
2016-10-05,Mata Atlantica,173.0,0.7088888888888888
2016-10-06,Mata Atlantica,374.0,0.33976744186046504
2016-10-07,Mata Atlantica,449.0,0.3376910016977929
2016-10-08,Mata Atlantica,443.0,0.013245997088791848
2016-10-09,Mata Atlantica,411.0,0.02233009708737864
2016-10-10,Mata Atlantica,558.0,0.09332688588007726
2016-10-11,Mata Atlantica,273.0,3.2361556064073222
2016-10-12,Mata Atlantica,159.0,0.7835866261398182
2016-10-13,Mata Atlantica,132.0,1.2534653465346535
2016-10-14,Mata Atlantica,113.0,0.09712230215827336
2016-10-15,Mata Atlantica,190.0,0.7970695970695976
2016-10-16,Mata Atlantica,196.0,0.5689759036144576
2016-10-17,Mata Atlantica,432.0,0.9622252747252752
2016-10-18,Mata Atlantica,340.0,0.41571164510166314
2016-10-19,Mata Atlantica,716.0,0.2868951612903226
2016-10-20,Mata Atlantica,558.0,3.0646606914212526
2016-10-21,Mata Atlantica,422.0,1.3736206896551715
2016-10-22,Mata Atlantica,248.0,0.4056657223796033
2016-10-23,Mata Atlantica,201.0,0.4355300859598851
2016-10-24,Mata Atlantica,213.0,2.1680851063829794
2016-10-25,Mata Atlantica,223.0,0.7097744360902253
2016-10-26,Mata Atlantica,254.0,0.21269349845201235
2016-10-27,Mata Atlantica,623.0,0.2909722222222221
2016-10-28,Mata Atlantica,528.0,1.454569892473119
2016-10-29,Mata Atlantica,146.0,0.017796610169491522
2016-10-30,Mata Atlantica,192.0,0.10337301587301596
2016-10-31,Mata Atlantica,167.0,0.7400936037441501
2016-11-01,Mata Atlantica,189.0,0.7298791018998271
2016-11-02,Mata Atlantica,207.0,0.5173770491803277
2016-11-03,Mata Atlantica,135.0,1.5626984126984136
2016-11-04,Mata Atlantica,153.0,0.04865671641791045
2016-11-05,Mata Atlantica,104.0,0.04084821428571428
2016-11-06,Mata Atlantica,157.0,0.1906474820143885
2016-11-07,Mata Atlantica,180.0,0.5625607779578604
2016-11-08,Mata Atlantica,122.0,0.8431654676258983
2016-11-09,Mata Atlantica,105.0,0.7811224489795919
2016-11-10,Mata Atlantica,149.0,0.4294392523364486
2016-11-11,Mata Atlantica,138.0,1.915126050420168
2016-11-12,Mata Atlantica,84.0,0.6715328467153276
2016-11-13,Mata Atlantica,164.0,0.1255555555555556
2016-11-14,Mata Atlantica,154.0,0.063030303030303
2016-11-15,Mata Atlantica,45.0,0.3225563909774437
2016-11-16,Mata Atlantica,114.0,1.0627906976744181
2016-11-17,Mata Atlantica,155.0,0.7630434782608695
2016-11-18,Mata Atlantica,220.0,0.22857142857142856
2016-11-19,Mata Atlantica,154.0,0.09508670520231224
2016-11-20,Mata Atlantica,173.0,0.13203125000000007
2016-11-21,Mata Atlantica,154.0,0.07858546168958742
2016-11-22,Mata Atlantica,204.0,0.13589743589743594
2016-11-23,Mata Atlantica,260.0,0.11113402061855679
2016-11-24,Mata Atlantica,417.0,0.023949579831932764
2016-11-25,Mata Atlantica,262.0,0.9686111111111122
2016-11-26,Mata Atlantica,146.0,0.6650980392156863
2016-11-27,Mata Atlantica,127.0,1.1027027027027023
2016-11-28,Mata Atlantica,137.0,0.734347826086956
2016-11-29,Mata Atlantica,287.0,0.368258426966292
2016-11-30,Mata Atlantica,246.0,0.1429054054054054
2016-12-01,Mata Atlantica,273.0,0.04759206798866856
2016-12-02,Mata Atlantica,192.0,0.4042635658914728
2016-12-03,Mata Atlantica,186.0,0.6471962616822428
2016-12-04,Mata Atlantica,303.0,0.26194968553459114
2016-12-05,Mata Atlantica,255.0,0.15292207792207793
2016-12-06,Mata Atlantica,337.0,0.8293233082706772
2016-12-07,Mata Atlantica,208.0,0.35408805031446555
2016-12-08,Mata Atlantica,184.0,1.73962962962963
2016-12-09,Mata Atlantica,201.0,0.5029535864978902
2016-12-10,Mata Atlantica,214.0,0.007531380753138076
2016-12-11,Mata Atlantica,308.0,0.03221884498480242
2016-12-12,Mata Atlantica,358.0,0.4831632653061225
2016-12-13,Mata Atlantica,291.0,0.2692753623188405
2016-12-14,Mata Atlantica,287.0,0.11873536299765809
2016-12-15,Mata Atlantica,214.0,0.11736694677871148
2016-12-16,Mata Atlantica,41.0,0.19340101522842662
2016-12-17,Mata Atlantica,47.0,0.7755102040816326
2016-12-18,Mata Atlantica,29.0,1.677922077922079
2016-12-19,Mata Atlantica,6.0,3.0708333333333324
2016-12-20,Mata Atlantica,20.0,0.9882352941176473
2016-12-21,Mata Atlantica,25.0,0.8765957446808511
2016-12-22,Mata Atlantica,22.0,3.5
2016-12-23,Mata Atlantica,45.0,0.7055555555555558
2016-12-24,Mata Atlantica,32.0,1.3926470588235293
2016-12-25,Mata Atlantica,45.0,0.7794392523364485
2016-12-26,Mata Atlantica,160.0,0.44051724137931
2016-12-27,Mata Atlantica,220.0,0.7858719646799117
2016-12-28,Mata Atlantica,89.0,1.5435406698564602
2016-12-29,Mata Atlantica,103.0,0.6932989690721649
2016-12-30,Mata Atlantica,131.0,0.5634999999999999
2016-12-31,Mata Atlantica,74.0,0.5462184873949582
2016-01-24,Pampa,4.0,0.07179487179487179
2016-01-25,Pampa,0.0,1.8399999999999999
2016-01-26,Pampa,0.0,10.275
2016-01-27,Pampa,0.0,0.0
2016-01-28,Pampa,0.0,0.0
2016-01-29,Pampa,0.0,8.0
2016-01-30,Pampa,0.0,11.1
2016-01-31,Pampa,0.0,
2016-02-01,Pampa,0.0,0.05
2016-02-02,Pampa,0.0,0.0
2016-02-03,Pampa,0.0,
2016-02-04,Pampa,0.0,
2016-02-05,Pampa,0.0,0.0
2016-02-06,Pampa,0.0,0.5461538461538461
2016-02-07,Pampa,0.0,0.0
2016-02-08,Pampa,0.0,15.309090909090914
2016-02-09,Pampa,0.0,30.133333333333336
2016-02-10,Pampa,0.0,0.0
2016-02-11,Pampa,0.0,0.0
2016-02-12,Pampa,0.0,0.0064516129032258064
2016-02-13,Pampa,0.0,28.65
2016-02-14,Pampa,0.0,
2016-02-15,Pampa,0.0,0.01020408163265306
2016-02-16,Pampa,0.0,1.6909090909090907
2016-02-17,Pampa,0.0,9.2
2016-02-18,Pampa,0.0,0.5
2016-02-19,Pampa,0.0,2.6999999999999997
2016-02-20,Pampa,0.0,2.5
2016-02-21,Pampa,0.0,0.0
2016-02-22,Pampa,0.0,0.15714285714285717
2016-02-23,Pampa,0.0,0.06666666666666667
2016-02-24,Pampa,0.0,0.2090909090909091
2016-02-25,Pampa,0.0,0.3285714285714286
2016-02-26,Pampa,0.0,11.57777777777778
2016-02-27,Pampa,0.0,
2016-02-28,Pampa,0.0,0.0
2016-02-29,Pampa,0.0,0.0
2016-03-01,Pampa,0.0,0.0
2016-03-02,Pampa,0.0,
2016-03-03,Pampa,0.0,
2016-03-04,Pampa,0.0,0.0
2016-03-05,Pampa,0.0,0.17
2016-03-06,Pampa,0.0,0.0
2016-03-07,Pampa,0.0,0.0
2016-03-08,Pampa,4.0,0.0
2016-03-09,Pampa,0.0,
2016-03-10,Pampa,0.0,
2016-03-11,Pampa,0.0,
2016-03-12,Pampa,0.0,0.0
2016-03-13,Pampa,0.0,0.0
2016-03-14,Pampa,5.0,0.0
2016-03-15,Pampa,5.0,0.0
2016-03-16,Pampa,8.0,0.0
2016-03-17,Pampa,2.0,0.002173913043478261
2016-03-18,Pampa,0.0,4.553846153846154
2016-03-19,Pampa,0.0,2.25
2016-03-20,Pampa,0.0,
2016-03-21,Pampa,0.0,
2016-03-22,Pampa,0.0,0.0
2016-03-23,Pampa,0.0,0.0
2016-03-24,Pampa,0.0,
2016-03-25,Pampa,0.0,
2016-03-26,Pampa,0.0,
2016-03-27,Pampa,0.0,
2016-03-28,Pampa,0.0,0.0
2016-03-29,Pampa,0.0,0.0
2016-03-30,Pampa,0.0,0.2
2016-03-31,Pampa,0.0,0.0
2016-04-01,Pampa,0.0,0.0017857142857142859
2016-04-02,Pampa,0.0,5.6
2016-04-03,Pampa,0.0,
2016-04-04,Pampa,0.0,2.6
2016-04-05,Pampa,1.0,3.05
2016-04-06,Pampa,0.0,11.366666666666667
2016-04-07,Pampa,0.0,0.35
2016-04-08,Pampa,0.0,
2016-04-09,Pampa,0.0,
2016-04-10,Pampa,0.0,
2016-04-11,Pampa,0.0,
2016-04-12,Pampa,0.0,
2016-04-13,Pampa,0.0,
2016-04-14,Pampa,0.0,
2016-04-15,Pampa,0.0,0.0
2016-04-16,Pampa,0.0,0.0
2016-04-17,Pampa,1.0,0.1142857142857143
2016-04-18,Pampa,0.0,
2016-04-19,Pampa,2.0,1.2374999999999998
2016-04-20,Pampa,1.0,0.21428571428571427
2016-04-21,Pampa,0.0,4.6
2016-04-22,Pampa,0.0,0.0
2016-04-23,Pampa,0.0,1.6
2016-04-24,Pampa,0.0,
2016-04-25,Pampa,0.0,
2016-04-26,Pampa,0.0,
2016-04-27,Pampa,0.0,0.0
2016-04-28,Pampa,0.0,0.0
2016-04-29,Pampa,0.0,0.0
2016-04-30,Pampa,0.0,0.052941176470588235
2016-05-01,Pampa,0.0,0.0125
2016-05-02,Pampa,0.0,0.4714285714285714
2016-05-03,Pampa,0.0,1.1400000000000006
2016-05-04,Pampa,0.0,0.0
2016-05-05,Pampa,1.0,0.3434782608695653
2016-05-06,Pampa,0.0,0.16666666666666666
2016-05-07,Pampa,0.0,0.0
2016-05-08,Pampa,0.0,21.9
2016-05-09,Pampa,0.0,0.3
2016-05-10,Pampa,0.0,0.0
2016-05-11,Pampa,0.0,
2016-05-12,Pampa,0.0,0.009090909090909092
2016-05-13,Pampa,0.0,0.0
2016-05-14,Pampa,0.0,0.0
2016-05-15,Pampa,0.0,
2016-05-16,Pampa,0.0,
2016-05-17,Pampa,0.0,0.0
2016-05-18,Pampa,0.0,0.175
2016-05-19,Pampa,0.0,0.07777777777777778
2016-05-20,Pampa,0.0,
2016-05-21,Pampa,0.0,
2016-05-22,Pampa,0.0,
2016-05-23,Pampa,0.0,0.0
2016-05-24,Pampa,0.0,0.0
2016-05-25,Pampa,0.0,0.35000000000000003
2016-05-26,Pampa,0.0,
2016-05-27,Pampa,0.0,2.1666666666666665
2016-05-28,Pampa,0.0,0.0
2016-05-29,Pampa,0.0,28.2
2016-05-30,Pampa,0.0,
2016-05-31,Pampa,0.0,0.0
2016-06-01,Pampa,0.0,0.5
2016-06-02,Pampa,0.0,0.13076923076923078
2016-06-03,Pampa,0.0,0.1
2016-06-04,Pampa,0.0,
2016-06-05,Pampa,0.0,0.05
2016-06-06,Pampa,0.0,0.17727272727272728
2016-06-07,Pampa,0.0,0.011764705882352941
2016-06-08,Pampa,0.0,0.007272727272727273
2016-06-09,Pampa,0.0,0.0
2016-06-10,Pampa,0.0,0.037500000000000006
2016-06-11,Pampa,0.0,0.0
2016-06-12,Pampa,0.0,0.0
2016-06-13,Pampa,0.0,0.0024193548387096775
2016-06-14,Pampa,0.0,0.56875
2016-06-15,Pampa,0.0,0.009333333333333332
2016-06-16,Pampa,0.0,0.02727272727272727
2016-06-17,Pampa,0.0,0.006896551724137932
2016-06-18,Pampa,0.0,0.0
2016-06-19,Pampa,0.0,0.0
2016-06-20,Pampa,0.0,0.06428571428571431
2016-06-21,Pampa,0.0,0.012643678160919538
2016-06-22,Pampa,0.0,0.0
2016-06-23,Pampa,0.0,0.0
2016-06-24,Pampa,3.0,0.10000000000000003
2016-06-25,Pampa,0.0,
2016-06-26,Pampa,1.0,1.0000000000000002
2016-06-27,Pampa,3.0,0.65
2016-06-28,Pampa,0.0,6.842105263157895
2016-06-29,Pampa,9.0,0.09259259259259262
2016-06-30,Pampa,1.0,1.2
2016-07-01,Pampa,24.0,0.0
2016-07-02,Pampa,14.0,0.005555555555555556
2016-07-03,Pampa,33.0,0.006097560975609756
2016-07-04,Pampa,17.0,1.436206896551724
2016-07-05,Pampa,0.0,11.185714285714285
2016-07-06,Pampa,0.0,
2016-07-07,Pampa,0.0,0.0
2016-07-08,Pampa,0.0,0.06666666666666668
2016-07-09,Pampa,0.0,
2016-07-10,Pampa,0.0,0.03333333333333333
2016-07-11,Pampa,0.0,0.10000000000000002
2016-07-12,Pampa,0.0,1.75
2016-07-13,Pampa,0.0,0.0
2016-07-14,Pampa,0.0,
2016-07-15,Pampa,0.0,0.03333333333333333
2016-07-16,Pampa,0.0,0.0
2016-07-17,Pampa,0.0,0.016666666666666666
2016-07-18,Pampa,0.0,0.0
2016-07-19,Pampa,0.0,0.0035928143712574854
2016-07-20,Pampa,0.0,0.027710843373493978
2016-07-21,Pampa,0.0,0.0
2016-07-22,Pampa,0.0,0.0
2016-07-23,Pampa,1.0,0.008823529411764707
2016-07-24,Pampa,0.0,0.02222222222222222
2016-07-25,Pampa,8.0,0.16857142857142854
2016-07-26,Pampa,0.0,6.1
2016-07-27,Pampa,0.0,0.25
2016-07-28,Pampa,0.0,0.182
2016-07-29,Pampa,3.0,0.40576923076923066
2016-07-30,Pampa,0.0,0.0
2016-07-31,Pampa,4.0,0.5250000000000001
2016-08-01,Pampa,0.0,1.0960000000000003
2016-08-02,Pampa,0.0,0.07058823529411766
2016-08-03,Pampa,0.0,0.027777777777777776
2016-08-04,Pampa,2.0,0.022641509433962266
2016-08-05,Pampa,5.0,0.022222222222222223
2016-08-06,Pampa,0.0,13.722222222222221
2016-08-07,Pampa,0.0,15.65
2016-08-08,Pampa,0.0,0.56
2016-08-09,Pampa,0.0,0.010144927536231883
2016-08-10,Pampa,0.0,0.0015384615384615385
2016-08-11,Pampa,0.0,0.0
2016-08-12,Pampa,4.0,0.0018867924528301887
2016-08-13,Pampa,3.0,0.019999999999999997
2016-08-14,Pampa,2.0,0.08750000000000001
2016-08-15,Pampa,0.0,1.8499999999999992
2016-08-16,Pampa,7.0,0.08201058201058199
2016-08-17,Pampa,0.0,29.0
2016-08-18,Pampa,20.0,0.0
2016-08-19,Pampa,3.0,0.0
2016-08-20,Pampa,0.0,
2016-08-21,Pampa,0.0,0.0
2016-08-22,Pampa,0.0,0.0
2016-08-23,Pampa,16.0,0.0004184100418410042
2016-08-24,Pampa,40.0,0.0
2016-08-25,Pampa,35.0,0.0
2016-08-26,Pampa,40.0,0.000819672131147541
2016-08-27,Pampa,4.0,2.691666666666667
2016-08-28,Pampa,0.0,11.68
2016-08-29,Pampa,0.0,
2016-08-30,Pampa,0.0,
2016-08-31,Pampa,0.0,
2016-09-01,Pampa,0.0,0.0
2016-09-02,Pampa,0.0,
2016-09-03,Pampa,0.0,
2016-09-04,Pampa,0.0,
2016-09-05,Pampa,0.0,
2016-09-06,Pampa,0.0,
2016-09-07,Pampa,0.0,0.0
2016-09-08,Pampa,0.0,0.0
2016-09-09,Pampa,0.0,0.0
2016-09-10,Pampa,0.0,0.0
2016-09-11,Pampa,0.0,0.0
2016-09-12,Pampa,2.0,0.8396226415094342
2016-09-13,Pampa,0.0,14.484615384615383
2016-09-14,Pampa,0.0,0.0
2016-09-15,Pampa,0.0,0.04576271186440679
2016-09-16,Pampa,0.0,0.03472222222222223
2016-09-17,Pampa,3.0,0.01327433628318584
2016-09-18,Pampa,0.0,0.33499999999999996
2016-09-19,Pampa,0.0,0.0
2016-09-20,Pampa,0.0,0.0
2016-09-21,Pampa,1.0,0.007692307692307692
2016-09-22,Pampa,0.0,0.0
2016-09-23,Pampa,4.0,0.0
2016-09-24,Pampa,0.0,0.8548387096774197
2016-09-25,Pampa,0.0,0.2482758620689655
2016-09-26,Pampa,2.0,0.0
2016-09-27,Pampa,0.0,0.0
2016-09-28,Pampa,24.0,0.0
2016-09-29,Pampa,19.0,0.06025641025641026
2016-09-30,Pampa,11.0,0.09864864864864864
2016-10-01,Pampa,8.0,0.0
2016-10-02,Pampa,0.0,0.09019607843137256
2016-10-03,Pampa,7.0,0.3772727272727272
2016-10-04,Pampa,8.0,0.0
2016-10-05,Pampa,1.0,0.8800000000000001
2016-10-06,Pampa,1.0,0.4
2016-10-07,Pampa,0.0,0.24000000000000005
2016-10-08,Pampa,4.0,0.4287234042553195
2016-10-09,Pampa,2.0,0.0
2016-10-10,Pampa,3.0,0.4650793650793652
2016-10-11,Pampa,3.0,3.910989010989011
2016-10-12,Pampa,0.0,3.0
2016-10-13,Pampa,2.0,5.140000000000001
2016-10-14,Pampa,4.0,0.0
2016-01-23,Pantanal,3.0,0.021568627450980395
2016-01-24,Pantanal,2.0,0.0
2016-01-25,Pantanal,0.0,0.5315789473684209
2016-01-26,Pantanal,0.0,1.9125000000000005
2016-01-27,Pantanal,0.0,6.1
2016-01-28,Pantanal,0.0,7.5
2016-01-29,Pantanal,0.0,11.399999999999999
2016-01-30,Pantanal,0.0,
2016-01-31,Pantanal,0.0,
2016-02-01,Pantanal,0.0,0.0
2016-02-02,Pantanal,0.0,
2016-02-03,Pantanal,0.0,4.8
2016-02-04,Pantanal,0.0,1.8166666666666664
2016-02-05,Pantanal,0.0,1.7470588235294118
2016-02-06,Pantanal,0.0,7.15
2016-02-07,Pantanal,0.0,1.4951219512195122
2016-02-08,Pantanal,0.0,0.7113636363636365
2016-02-09,Pantanal,0.0,1.4
2016-02-10,Pantanal,0.0,6.022222222222222
2016-02-11,Pantanal,0.0,0.2
2016-02-12,Pantanal,0.0,0.0
2016-02-13,Pantanal,0.0,0.01578947368421053
2016-02-14,Pantanal,0.0,0.0
2016-02-15,Pantanal,0.0,0.9
2016-02-16,Pantanal,0.0,1.0666666666666667
2016-02-17,Pantanal,1.0,0.4149999999999999
2016-02-18,Pantanal,0.0,0.15714285714285717
2016-02-19,Pantanal,0.0,3.75
2016-02-20,Pantanal,0.0,3.8875
2016-02-21,Pantanal,0.0,4.742857142857143
2016-02-22,Pantanal,0.0,
2016-02-23,Pantanal,0.0,4.1
2016-02-24,Pantanal,0.0,
2016-02-25,Pantanal,0.0,0.2
2016-02-26,Pantanal,0.0,2.3333333333333335
2016-02-27,Pantanal,0.0,17.806666666666665
2016-02-28,Pantanal,0.0,
2016-02-29,Pantanal,0.0,12.6
2016-03-01,Pantanal,0.0,1.25
2016-03-02,Pantanal,0.0,
2016-03-03,Pantanal,0.0,
2016-03-04,Pantanal,0.0,7.55
2016-03-05,Pantanal,0.0,0.7
2016-03-06,Pantanal,0.0,
2016-03-07,Pantanal,0.0,1.6333333333333333
2016-03-08,Pantanal,0.0,2.075
2016-03-09,Pantanal,0.0,0.8
2016-03-10,Pantanal,0.0,15.75
2016-03-11,Pantanal,0.0,0.0
2016-03-12,Pantanal,0.0,0.0
2016-03-13,Pantanal,0.0,0.0
2016-03-14,Pantanal,0.0,0.0911111111111111
2016-03-15,Pantanal,0.0,0.0
2016-03-16,Pantanal,0.0,
2016-03-17,Pantanal,0.0,0.014285714285714287
2016-03-18,Pantanal,5.0,2.5300000000000002
2016-03-19,Pantanal,0.0,22.266666666666666
2016-03-20,Pantanal,0.0,4.7
2016-03-21,Pantanal,0.0,0.08750000000000001
2016-03-22,Pantanal,0.0,8.437499999999998
2016-03-23,Pantanal,0.0,10.2
2016-03-24,Pantanal,0.0,
2016-03-25,Pantanal,0.0,
2016-03-26,Pantanal,0.0,
2016-03-27,Pantanal,0.0,0.575
2016-03-28,Pantanal,0.0,0.0
2016-03-29,Pantanal,0.0,0.04
2016-03-30,Pantanal,1.0,0.3
2016-03-31,Pantanal,0.0,0.22666666666666668
2016-04-01,Pantanal,0.0,0.05454545454545454
2016-04-02,Pantanal,0.0,2.3
2016-04-03,Pantanal,0.0,0.5736842105263157
2016-04-04,Pantanal,0.0,0.5400000000000001
2016-04-05,Pantanal,1.0,1.7900000000000003
2016-04-06,Pantanal,0.0,1.6200000000000003
2016-04-07,Pantanal,0.0,0.7117647058823529
2016-04-08,Pantanal,0.0,0.4066666666666665
2016-04-09,Pantanal,2.0,5.9
2016-04-10,Pantanal,0.0,0.2
2016-04-11,Pantanal,0.0,3.6999999999999997
2016-04-12,Pantanal,0.0,5.016666666666667
2016-04-13,Pantanal,0.0,7.0
2016-04-14,Pantanal,2.0,1.0333333333333334
2016-04-15,Pantanal,0.0,
2016-04-16,Pantanal,0.0,0.45
2016-04-17,Pantanal,1.0,0.0
2016-04-18,Pantanal,0.0,0.011111111111111112
2016-04-19,Pantanal,3.0,0.0
2016-04-20,Pantanal,7.0,0.0
2016-04-21,Pantanal,8.0,0.9199999999999997
2016-04-22,Pantanal,0.0,
2016-04-23,Pantanal,0.0,0.06666666666666667
2016-04-24,Pantanal,1.0,0.0
2016-04-25,Pantanal,0.0,4.783333333333333
2016-04-26,Pantanal,0.0,
2016-04-27,Pantanal,0.0,
2016-04-28,Pantanal,0.0,0.0
2016-04-29,Pantanal,2.0,0.0
2016-04-30,Pantanal,0.0,0.0
2016-05-01,Pantanal,0.0,0.09583333333333333
2016-05-02,Pantanal,9.0,0.0
2016-05-03,Pantanal,8.0,0.017948717948717947
2016-05-04,Pantanal,10.0,0.0
2016-05-05,Pantanal,14.0,0.002127659574468085
2016-05-06,Pantanal,2.0,0.01
2016-05-07,Pantanal,0.0,3.2666666666666675
2016-05-08,Pantanal,2.0,0.9
2016-05-09,Pantanal,4.0,0.7407407407407407
2016-05-10,Pantanal,0.0,28.3
2016-05-11,Pantanal,0.0,
2016-05-12,Pantanal,5.0,0.0
2016-05-13,Pantanal,1.0,0.0
2016-05-14,Pantanal,7.0,0.06666666666666667
2016-05-15,Pantanal,1.0,0.26666666666666666
2016-05-16,Pantanal,1.0,0.1
2016-05-17,Pantanal,0.0,
2016-05-18,Pantanal,0.0,
2016-05-19,Pantanal,0.0,
2016-05-20,Pantanal,1.0,0.0
2016-05-21,Pantanal,0.0,0.0
2016-05-22,Pantanal,0.0,
2016-05-23,Pantanal,1.0,0.16923076923076924
2016-05-24,Pantanal,4.0,0.13157894736842105
2016-05-25,Pantanal,9.0,0.0
2016-05-26,Pantanal,10.0,0.2166666666666667
2016-05-27,Pantanal,8.0,0.01
2016-05-28,Pantanal,0.0,
2016-05-29,Pantanal,0.0,
2016-05-30,Pantanal,10.0,0.0
2016-05-31,Pantanal,5.0,0.1
2016-06-01,Pantanal,4.0,0.11666666666666665
2016-06-02,Pantanal,0.0,
2016-06-03,Pantanal,0.0,
2016-06-04,Pantanal,0.0,0.0
2016-06-05,Pantanal,0.0,0.0
2016-06-06,Pantanal,1.0,1.3846153846153846
2016-06-07,Pantanal,0.0,
2016-06-08,Pantanal,0.0,
2016-06-09,Pantanal,1.0,0.0
2016-06-10,Pantanal,0.0,
2016-06-11,Pantanal,2.0,0.003448275862068966
2016-06-12,Pantanal,11.0,0.007894736842105265
2016-06-13,Pantanal,16.0,0.0
2016-06-14,Pantanal,6.0,0.006521739130434784
2016-06-15,Pantanal,44.0,0.004838709677419355
2016-06-16,Pantanal,19.0,0.0
2016-06-17,Pantanal,42.0,0.004918032786885246
2016-06-18,Pantanal,19.0,0.0
2016-06-19,Pantanal,8.0,0.0
2016-06-20,Pantanal,3.0,0.03333333333333333
2016-06-21,Pantanal,0.0,1.35
2016-06-22,Pantanal,2.0,0.013157894736842105
2016-06-23,Pantanal,13.0,0.010526315789473684
2016-06-24,Pantanal,10.0,0.010638297872340425
2016-06-25,Pantanal,18.0,0.0
2016-06-26,Pantanal,9.0,0.0
2016-06-27,Pantanal,2.0,0.0
2016-06-28,Pantanal,11.0,0.08461538461538462
2016-06-29,Pantanal,25.0,0.37941176470588245
2016-06-30,Pantanal,29.0,0.24000000000000002
2016-07-01,Pantanal,93.0,0.0
2016-07-02,Pantanal,63.0,0.026250000000000002
2016-07-03,Pantanal,61.0,0.0826086956521739
2016-07-04,Pantanal,89.0,0.04724409448818897
2016-07-05,Pantanal,144.0,0.08506493506493504
2016-07-06,Pantanal,55.0,0.0
2016-07-07,Pantanal,42.0,0.021518987341772156
2016-07-08,Pantanal,71.0,0.15714285714285717
2016-07-09,Pantanal,67.0,0.00989010989010989
2016-07-10,Pantanal,28.0,0.0
2016-07-11,Pantanal,54.0,0.02159090909090909
2016-07-12,Pantanal,63.0,0.021794871794871797
2016-07-13,Pantanal,86.0,0.014583333333333332
2016-07-14,Pantanal,161.0,0.0015957446808510637
2016-07-15,Pantanal,122.0,0.4306569343065693
2016-07-16,Pantanal,4.0,0.8
2016-07-17,Pantanal,26.0,0.03333333333333333
2016-07-18,Pantanal,24.0,0.013888888888888888
2016-07-19,Pantanal,99.0,0.006201550387596899
2016-07-20,Pantanal,89.0,0.007692307692307692
2016-07-21,Pantanal,98.0,0.0007407407407407408
2016-07-22,Pantanal,106.0,0.002857142857142857
2016-07-23,Pantanal,247.0,0.04464831804281345
2016-07-24,Pantanal,197.0,0.0028
2016-07-25,Pantanal,220.0,0.13421926910299006
2016-07-26,Pantanal,224.0,0.08403041825095056
2016-07-27,Pantanal,142.0,0.11839080459770111
2016-07-28,Pantanal,175.0,0.025213675213675214
2016-07-29,Pantanal,165.0,0.0
2016-07-30,Pantanal,291.0,0.001597444089456869
2016-07-31,Pantanal,341.0,0.0009900990099009901
2016-08-01,Pantanal,275.0,0.0
2016-08-02,Pantanal,162.0,0.011515151515151515
2016-08-03,Pantanal,173.0,0.0
2016-08-04,Pantanal,526.0,0.00034904013961605586
2016-08-05,Pantanal,616.0,0.0
2016-08-06,Pantanal,450.0,0.03900862068965517
2016-08-07,Pantanal,286.0,0.02569444444444444
2016-08-08,Pantanal,379.0,0.08293963254593179
2016-08-09,Pantanal,80.0,1.6371134020618552
2016-08-10,Pantanal,2.0,7.757142857142857
2016-08-11,Pantanal,24.0,0.5477064220183484
2016-08-12,Pantanal,96.0,0.4978723404255319
2016-08-13,Pantanal,135.0,0.5523529411764704
2016-08-14,Pantanal,184.0,0.02039800995024876
2016-08-15,Pantanal,358.0,0.053562653562653696
2016-08-16,Pantanal,215.0,0.8038314176245199
2016-08-17,Pantanal,215.0,0.0002544529262086514
2016-08-18,Pantanal,170.0,1.6469827586206909
2016-08-19,Pantanal,27.0,10.512244897959187
2016-08-20,Pantanal,27.0,20.667948717948704
2016-08-21,Pantanal,0.0,5.781818181818182
2016-08-22,Pantanal,34.0,0.030890052356020936
2016-08-23,Pantanal,27.0,0.0
2016-08-24,Pantanal,230.0,0.0008830022075055188
2016-08-25,Pantanal,358.0,0.038434782608695664
2016-08-26,Pantanal,644.0,0.009518348623853213
2016-08-27,Pantanal,626.0,0.49284210526315786
2016-08-28,Pantanal,132.0,2.0725609756097567
2016-08-29,Pantanal,0.0,
2016-08-30,Pantanal,0.0,
2016-08-31,Pantanal,0.0,0.725
2016-09-01,Pantanal,68.0,0.0
2016-09-02,Pantanal,83.0,1.1697368421052625
2016-09-03,Pantanal,0.0,
2016-09-04,Pantanal,0.0,
2016-09-05,Pantanal,0.0,
2016-09-06,Pantanal,0.0,0.0
2016-09-07,Pantanal,16.0,0.0
2016-09-08,Pantanal,162.0,0.008445945945945948
2016-09-09,Pantanal,179.0,0.000625
2016-09-10,Pantanal,375.0,0.00018248175182481753
2016-09-11,Pantanal,384.0,0.0
2016-09-12,Pantanal,726.0,0.006422836752899195
2016-09-13,Pantanal,604.0,0.007763157894736836
2016-09-14,Pantanal,933.0,0.014024835646457276
2016-09-15,Pantanal,1288.0,0.0002946375957572186
2016-09-16,Pantanal,1474.0,0.002571595558153127
2016-09-17,Pantanal,1817.0,4.777830864787387e-05
2016-09-18,Pantanal,546.0,0.1777493606138107
2016-09-19,Pantanal,57.0,8.335545023696682
2016-09-20,Pantanal,255.0,0.4540838852097113
2016-09-21,Pantanal,831.0,8.361204013377927e-05
2016-09-22,Pantanal,937.0,0.0002379064234734338
2016-09-23,Pantanal,1091.0,0.21824561403508788
2016-09-24,Pantanal,201.0,0.4611111111111108
2016-09-25,Pantanal,164.0,0.03869731800766283
2016-09-26,Pantanal,688.0,0.00021367521367521368
2016-09-27,Pantanal,928.0,0.0010896898575020956
2016-09-28,Pantanal,1171.0,0.005054644808743166
2016-09-29,Pantanal,940.0,0.0
2016-09-30,Pantanal,1334.0,0.023462986198243427
2016-10-01,Pantanal,395.0,1.069734151329245
2016-10-02,Pantanal,878.0,0.11810064935064926
2016-10-03,Pantanal,60.0,12.741750841750855
2016-10-04,Pantanal,0.0,
2016-10-05,Pantanal,0.0,24.642857142857142
2016-10-06,Pantanal,7.0,0.42115384615384627
2016-10-07,Pantanal,32.0,0.0
2016-10-08,Pantanal,56.0,0.0004716981132075472
2016-10-09,Pantanal,94.0,0.0
2016-10-10,Pantanal,158.0,0.05855513307984791
2016-10-11,Pantanal,226.0,0.3761658031088078
2016-10-12,Pantanal,43.0,6.824528301886794
2016-10-13,Pantanal,94.0,0.31874999999999987
2016-10-14,Pantanal,224.0,0.8088172043010761
2016-10-15,Pantanal,220.0,0.1166666666666667
2016-10-16,Pantanal,242.0,0.0
2016-10-17,Pantanal,231.0,0.35073170731707276
2016-10-18,Pantanal,405.0,0.14792560801144464
2016-10-19,Pantanal,1368.0,0.01806788511749349
2016-10-20,Pantanal,532.0,0.9268041237113417
2016-10-21,Pantanal,151.0,0.4489051094890515
2016-10-22,Pantanal,351.0,0.5771551724137919
2016-10-23,Pantanal,181.0,4.590032679738562
2016-10-24,Pantanal,87.0,1.0712765957446813
2016-10-25,Pantanal,237.0,0.1701149425287354
2016-10-26,Pantanal,0.0,9.862015503875963
2016-10-27,Pantanal,22.0,1.885542168674698
2016-10-28,Pantanal,115.0,0.0
2016-10-29,Pantanal,368.0,0.0
2016-10-30,Pantanal,504.0,0.0
2016-10-31,Pantanal,161.0,5.045833333333336
2016-11-01,Pantanal,367.0,0.8845238095238104
2016-11-02,Pantanal,2.0,23.850704225352114
2016-11-03,Pantanal,0.0,
2016-11-04,Pantanal,2.0,0.0
2016-11-05,Pantanal,53.0,0.10333333333333326
2016-11-06,Pantanal,55.0,0.1535483870967741
2016-11-07,Pantanal,30.0,1.5213114754098358
2016-11-08,Pantanal,6.0,18.69878048780488
2016-11-09,Pantanal,0.0,0.980733944954129
2016-11-10,Pantanal,3.0,0.5676328502415459
2016-11-11,Pantanal,1.0,2.8946808510638307
2016-11-12,Pantanal,0.0,
2016-11-13,Pantanal,0.0,0.0
2016-11-14,Pantanal,4.0,0.040740740740740744
2016-11-15,Pantanal,0.0,18.510526315789473
2016-11-16,Pantanal,0.0,6.573333333333334
2016-11-17,Pantanal,0.0,0.16666666666666669
2016-11-18,Pantanal,4.0,0.0631578947368421
2016-11-19,Pantanal,48.0,0.0
2016-11-20,Pantanal,31.0,0.11413043478260869
2016-11-21,Pantanal,0.0,
2016-11-22,Pantanal,2.0,1.8432432432432426
2016-11-23,Pantanal,23.0,0.4856321839080461
2016-11-24,Pantanal,27.0,0.8492424242424229
2016-11-25,Pantanal,0.0,2.2418367346938766
2016-11-26,Pantanal,0.0,2.004999999999998
2016-11-27,Pantanal,0.0,0.5666666666666668
2016-11-28,Pantanal,0.0,7.0
2016-11-29,Pantanal,0.0,2.1888888888888887
2016-11-30,Pantanal,0.0,4.359259259259259
2016-12-01,Pantanal,0.0,10.286486486486483
2016-12-02,Pantanal,0.0,3.0249999999999995
2016-12-03,Pantanal,1.0,5.316129032258064
2016-12-04,Pantanal,1.0,2.998550724637681
2016-12-05,Pantanal,21.0,0.8459302325581398
2016-12-06,Pantanal,31.0,0.3295546558704452
2016-12-07,Pantanal,6.0,4.2325
2016-12-08,Pantanal,5.0,3.040816326530612
2016-12-09,Pantanal,2.0,3.395652173913043
2016-12-10,Pantanal,1.0,0.0
2016-12-11,Pantanal,0.0,4.410256410256411
2016-12-12,Pantanal,1.0,0.19374999999999995
2016-12-13,Pantanal,13.0,2.6027027027027025
2016-12-14,Pantanal,0.0,19.5
2016-12-15,Pantanal,0.0,0.3857142857142858
2016-12-16,Pantanal,0.0,3.45
2016-12-17,Pantanal,0.0,
2016-12-18,Pantanal,0.0,0.0
2016-12-19,Pantanal,3.0,4.041666666666667
2016-12-20,Pantanal,0.0,11.75
2016-12-21,Pantanal,0.0,1.5909090909090908
2016-12-22,Pantanal,0.0,0.5333333333333333
2016-12-23,Pantanal,0.0,
2016-12-24,Pantanal,1.0,1.3
2016-12-25,Pantanal,0.0,0.0
2016-12-26,Pantanal,0.0,0.07882352941176471
2016-12-27,Pantanal,7.0,0.44999999999999996
2016-12-28,Pantanal,0.0,2.3709677419354835
2016-12-29,Pantanal,7.0,0.5190476190476191
2016-12-30,Pantanal,2.0,0.7184615384615382
2016-12-31,Pantanal,1.0,2.8666666666666667
